-- phpMyAdmin SQL Dump
-- version 4.0.10deb1
-- http://www.phpmyadmin.net
--
-- Host: localhost
-- Generation Time: Mar 16, 2016 at 03:02 PM
-- Server version: 5.5.47-0ubuntu0.14.04.1
-- PHP Version: 5.5.9-1ubuntu4.14

SET SQL_MODE = "NO_AUTO_VALUE_ON_ZERO";
SET time_zone = "+00:00";


/*!40101 SET @OLD_CHARACTER_SET_CLIENT=@@CHARACTER_SET_CLIENT */;
/*!40101 SET @OLD_CHARACTER_SET_RESULTS=@@CHARACTER_SET_RESULTS */;
/*!40101 SET @OLD_COLLATION_CONNECTION=@@COLLATION_CONNECTION */;
/*!40101 SET NAMES utf8 */;

--
-- Database: `reelbank`
--

-- --------------------------------------------------------

--
-- Table structure for table `bf_activities`
--

CREATE TABLE IF NOT EXISTS `bf_activities` (
  `activity_id` bigint(20) NOT NULL AUTO_INCREMENT,
  `user_id` bigint(20) unsigned NOT NULL DEFAULT '0',
  `activity` varchar(255) NOT NULL,
  `module` varchar(255) NOT NULL,
  `created_on` datetime NOT NULL,
  `deleted` tinyint(12) NOT NULL DEFAULT '0',
  PRIMARY KEY (`activity_id`)
) ENGINE=InnoDB  DEFAULT CHARSET=utf8 AUTO_INCREMENT=99 ;

--
-- Dumping data for table `bf_activities`
--

INSERT INTO `bf_activities` (`activity_id`, `user_id`, `activity`, `module`, `created_on`, `deleted`) VALUES
(1, 1, 'logged in from: ::1', 'users', '2016-03-13 21:43:02', 0),
(2, 1, 'App settings saved from: ::1', 'core', '2016-03-13 21:43:37', 0),
(3, 1, 'App settings saved from: ::1', 'core', '2016-03-13 21:44:17', 0),
(4, 1, 'logged in from: ::1', 'users', '2016-03-15 07:06:51', 0),
(5, 1, 'Created Module: Bursting Strength : ::1', 'modulebuilder', '2016-03-15 07:12:18', 0),
(6, 1, 'Created Module: GSM : ::1', 'modulebuilder', '2016-03-15 07:56:01', 0),
(7, 1, 'Created Module: Specific Type : ::1', 'modulebuilder', '2016-03-15 07:58:07', 0),
(8, 1, 'Created Module: Condition : ::1', 'modulebuilder', '2016-03-15 07:59:21', 0),
(9, 1, 'Created Module: Profile : ::1', 'modulebuilder', '2016-03-15 08:09:00', 0),
(10, 1, 'Created Module: Items : ::1', 'modulebuilder', '2016-03-15 08:35:28', 0),
(11, 1, 'App settings saved from: ::1', 'core', '2016-03-15 08:36:30', 0),
(12, 1, 'logged in from: ::1', 'users', '2016-03-15 14:29:41', 0),
(13, 1, 'logged in from: ::1', 'users', '2016-03-15 15:36:54', 0),
(14, 1, 'Created record with ID: 1 : ::1', 'bursting_strength', '2016-03-15 15:41:54', 0),
(15, 1, 'Created record with ID: 2 : ::1', 'bursting_strength', '2016-03-15 15:42:00', 0),
(16, 1, 'Created record with ID: 3 : ::1', 'bursting_strength', '2016-03-15 15:42:04', 0),
(17, 1, 'Created record with ID: 4 : ::1', 'bursting_strength', '2016-03-15 15:42:08', 0),
(18, 1, 'Created record with ID: 5 : ::1', 'bursting_strength', '2016-03-15 15:42:12', 0),
(19, 1, 'Created record with ID: 6 : ::1', 'bursting_strength', '2016-03-15 15:42:21', 0),
(20, 1, 'Created record with ID: 7 : ::1', 'bursting_strength', '2016-03-15 15:42:28', 0),
(21, 1, 'Created record with ID: 8 : ::1', 'bursting_strength', '2016-03-15 15:42:33', 0),
(22, 1, 'Created record with ID: 9 : ::1', 'bursting_strength', '2016-03-15 15:42:37', 0),
(23, 1, 'Created record with ID: 10 : ::1', 'bursting_strength', '2016-03-15 15:42:42', 0),
(24, 1, 'Created record with ID: 11 : ::1', 'bursting_strength', '2016-03-15 15:42:46', 0),
(25, 1, 'Created record with ID: 12 : ::1', 'bursting_strength', '2016-03-15 15:42:49', 0),
(26, 1, 'Created record with ID: 13 : ::1', 'bursting_strength', '2016-03-15 15:42:55', 0),
(27, 1, 'Created record with ID: 1 : ::1', 'gsm', '2016-03-15 15:43:23', 0),
(28, 1, 'Created record with ID: 2 : ::1', 'gsm', '2016-03-15 15:43:27', 0),
(29, 1, 'Created record with ID: 3 : ::1', 'gsm', '2016-03-15 15:43:31', 0),
(30, 1, 'Created record with ID: 4 : ::1', 'gsm', '2016-03-15 15:43:34', 0),
(31, 1, 'Created record with ID: 5 : ::1', 'gsm', '2016-03-15 15:43:37', 0),
(32, 1, 'Created record with ID: 6 : ::1', 'gsm', '2016-03-15 15:43:41', 0),
(33, 1, 'Created record with ID: 7 : ::1', 'gsm', '2016-03-15 15:43:44', 0),
(34, 1, 'Created record with ID: 8 : ::1', 'gsm', '2016-03-15 15:43:53', 0),
(35, 1, 'Created record with ID: 9 : ::1', 'gsm', '2016-03-15 15:45:01', 0),
(36, 1, 'Created record with ID: 10 : ::1', 'gsm', '2016-03-15 15:45:04', 0),
(37, 1, 'Created record with ID: 11 : ::1', 'gsm', '2016-03-15 15:45:08', 0),
(38, 1, 'Created record with ID: 1 : ::1', 'specific_type', '2016-03-15 15:47:25', 0),
(39, 1, 'Created record with ID: 2 : ::1', 'specific_type', '2016-03-15 15:47:33', 0),
(40, 1, 'Created record with ID: 3 : ::1', 'specific_type', '2016-03-15 15:47:41', 0),
(41, 1, 'Created record with ID: 4 : ::1', 'specific_type', '2016-03-15 15:47:51', 0),
(42, 1, 'Created record with ID: 5 : ::1', 'specific_type', '2016-03-15 15:47:57', 0),
(43, 1, 'Updated record with ID: 5 : ::1', 'specific_type', '2016-03-15 15:48:12', 0),
(44, 1, 'Created record with ID: 6 : ::1', 'specific_type', '2016-03-15 15:50:36', 0),
(45, 1, 'Created record with ID: 7 : ::1', 'specific_type', '2016-03-15 15:51:07', 0),
(46, 1, 'Created record with ID: 8 : ::1', 'specific_type', '2016-03-15 15:51:22', 0),
(47, 1, 'Created record with ID: 1 : ::1', 'condition', '2016-03-15 15:51:40', 0),
(48, 1, 'Created record with ID: 2 : ::1', 'condition', '2016-03-15 15:55:32', 0),
(49, 1, 'Created record with ID: 3 : ::1', 'condition', '2016-03-15 15:55:37', 0),
(50, 1, 'Created record with ID: 4 : ::1', 'condition', '2016-03-15 15:56:16', 0),
(51, 1, 'Created record with ID: 5 : ::1', 'condition', '2016-03-15 15:56:21', 0),
(52, 1, 'Created record with ID: 6 : ::1', 'condition', '2016-03-15 15:56:28', 0),
(53, 1, 'Created record with ID: 1 : ::1', 'profile', '2016-03-15 16:22:30', 0),
(54, 1, 'Created Module: Company Users : ::1', 'modulebuilder', '2016-03-15 16:24:12', 0),
(55, 1, 'created a new User: Ramakrishna', 'users', '2016-03-15 16:28:20', 0),
(56, 1, 'FIXME(''us_log_status_change''): brkrishna@gmail.com : Activateed', 'users', '2016-03-15 16:42:17', 0),
(57, 2, 'logged in from: ::1', 'users', '2016-03-15 16:42:28', 0),
(58, 1, 'logged in from: ::1', 'users', '2016-03-15 18:12:19', 0),
(59, 1, 'App settings saved from: ::1', 'core', '2016-03-15 18:12:38', 0),
(60, 1, 'modified user: Ramakrishna', 'users', '2016-03-15 19:26:59', 0),
(61, 2, 'logged in from: ::1', 'users', '2016-03-15 19:27:49', 0),
(62, 1, 'logged in from: ::1', 'users', '2016-03-15 19:28:29', 0),
(63, 2, 'logged in from: 127.0.0.1', 'users', '2016-03-15 21:29:57', 0),
(64, 2, 'Updated record with ID: 1 : 127.0.0.1', 'profile', '2016-03-15 21:30:20', 0),
(65, 2, 'Updated record with ID: 2 : 127.0.0.1', 'bursting_strength', '2016-03-15 21:33:24', 0),
(66, 2, 'Updated record with ID: 2 : 127.0.0.1', 'bursting_strength', '2016-03-15 21:33:30', 0),
(67, 2, 'Created record with ID: 14 : 127.0.0.1', 'bursting_strength', '2016-03-15 21:33:37', 0),
(68, 1, 'Deleted record with ID: 14 : ::1', 'bursting_strength', '2016-03-15 21:33:53', 0),
(69, 1, 'created a new User: Ankit', 'users', '2016-03-15 22:05:17', 0),
(70, 1, 'FIXME(''us_log_status_change''): ankitgupta@gmail.com : Activateed', 'users', '2016-03-15 22:05:20', 0),
(71, 1, 'Created record with ID: 1 : ::1', 'company_users', '2016-03-15 22:05:47', 0),
(72, 3, 'logged in from: 127.0.0.1', 'users', '2016-03-15 23:11:34', 0),
(73, 1, 'Created record with ID: 2 : ::1', 'profile', '2016-03-15 23:12:20', 0),
(74, 1, 'created a new User: Ritesh', 'users', '2016-03-15 23:12:55', 0),
(75, 1, 'FIXME(''us_log_status_change''): ritesh@enablar.com : Activateed', 'users', '2016-03-15 23:12:59', 0),
(76, 1, 'Created record with ID: 2 : ::1', 'company_users', '2016-03-15 23:14:57', 0),
(77, 2, 'logged in from: 127.0.0.1', 'users', '2016-03-15 23:15:42', 0),
(78, 2, 'Created record with ID: 1 : 127.0.0.1', 'items', '2016-03-15 23:21:03', 0),
(79, 2, 'Updated record with ID: 1 : 127.0.0.1', 'items', '2016-03-15 23:23:17', 0),
(80, 2, 'Updated record with ID: 1 : 127.0.0.1', 'items', '2016-03-15 23:25:30', 0),
(81, 2, 'Updated record with ID: 1 : 127.0.0.1', 'items', '2016-03-15 23:25:40', 0),
(82, 2, 'Updated record with ID: 1 : 127.0.0.1', 'items', '2016-03-15 23:26:00', 0),
(83, 2, 'Updated record with ID: 1 : 127.0.0.1', 'items', '2016-03-15 23:29:14', 0),
(84, 2, 'Created record with ID: 2 : 127.0.0.1', 'items', '2016-03-15 23:37:51', 0),
(85, 2, 'Created record with ID: 3 : 127.0.0.1', 'items', '2016-03-15 23:43:36', 0),
(86, 2, 'Created record with ID: 4 : 127.0.0.1', 'items', '2016-03-15 23:44:42', 0),
(87, 2, 'Created record with ID: 5 : 127.0.0.1', 'items', '2016-03-15 23:45:23', 0),
(88, 1, 'Created Module: Inquiry : ::1', 'modulebuilder', '2016-03-15 23:57:06', 0),
(89, 1, 'logged in from: ::1', 'users', '2016-03-16 07:03:24', 0),
(90, 1, 'logged in from: ::1', 'users', '2016-03-16 10:14:30', 0),
(91, 2, 'logged in from: 127.0.0.1', 'users', '2016-03-16 10:15:03', 0),
(92, 3, 'logged in from: 127.0.0.1', 'users', '2016-03-16 10:21:15', 0),
(93, 3, 'logged in from: 127.0.0.1', 'users', '2016-03-16 10:32:55', 0),
(94, 3, 'logged in from: 127.0.0.1', 'users', '2016-03-16 10:35:01', 0),
(95, 3, 'logged in from: 127.0.0.1', 'users', '2016-03-16 10:36:09', 0),
(96, 3, 'logged in from: 127.0.0.1', 'users', '2016-03-16 10:37:38', 0),
(97, 3, 'logged in from: 127.0.0.1', 'users', '2016-03-16 10:39:41', 0),
(98, 3, 'Created record with ID: 1 : 127.0.0.1', 'inquiry', '2016-03-16 10:41:28', 0);

-- --------------------------------------------------------

--
-- Table structure for table `bf_bursting_strength`
--

CREATE TABLE IF NOT EXISTS `bf_bursting_strength` (
  `id` int(11) NOT NULL AUTO_INCREMENT,
  `strength` varchar(255) NOT NULL,
  `deleted` tinyint(1) NOT NULL DEFAULT '0',
  `deleted_by` bigint(20) DEFAULT NULL,
  `created_on` datetime NOT NULL DEFAULT '0000-00-00 00:00:00',
  `created_by` bigint(20) NOT NULL,
  `modified_on` datetime NOT NULL DEFAULT '0000-00-00 00:00:00',
  `modified_by` bigint(20) DEFAULT NULL,
  PRIMARY KEY (`id`)
) ENGINE=InnoDB  DEFAULT CHARSET=utf8 AUTO_INCREMENT=15 ;

--
-- Dumping data for table `bf_bursting_strength`
--

INSERT INTO `bf_bursting_strength` (`id`, `strength`, `deleted`, `deleted_by`, `created_on`, `created_by`, `modified_on`, `modified_by`) VALUES
(1, '12', 0, NULL, '2016-03-15 15:41:54', 1, '0000-00-00 00:00:00', NULL),
(2, '14', 0, NULL, '2016-03-15 15:42:00', 1, '2016-03-15 21:33:30', 2),
(3, '16', 0, NULL, '2016-03-15 15:42:04', 1, '0000-00-00 00:00:00', NULL),
(4, '18', 0, NULL, '2016-03-15 15:42:08', 1, '0000-00-00 00:00:00', NULL),
(5, '20', 0, NULL, '2016-03-15 15:42:12', 1, '0000-00-00 00:00:00', NULL),
(6, '22', 0, NULL, '2016-03-15 15:42:21', 1, '0000-00-00 00:00:00', NULL),
(7, '24', 0, NULL, '2016-03-15 15:42:28', 1, '0000-00-00 00:00:00', NULL),
(8, '26', 0, NULL, '2016-03-15 15:42:33', 1, '0000-00-00 00:00:00', NULL),
(9, '28', 0, NULL, '2016-03-15 15:42:37', 1, '0000-00-00 00:00:00', NULL),
(10, '30', 0, NULL, '2016-03-15 15:42:42', 1, '0000-00-00 00:00:00', NULL),
(11, '35', 0, NULL, '2016-03-15 15:42:46', 1, '0000-00-00 00:00:00', NULL),
(12, '40', 0, NULL, '2016-03-15 15:42:49', 1, '0000-00-00 00:00:00', NULL),
(13, '45', 0, NULL, '2016-03-15 15:42:55', 1, '0000-00-00 00:00:00', NULL),
(14, '50', 1, 1, '2016-03-15 21:33:37', 2, '0000-00-00 00:00:00', NULL);

-- --------------------------------------------------------

--
-- Table structure for table `bf_ci3_sessions`
--

CREATE TABLE IF NOT EXISTS `bf_ci3_sessions` (
  `id` varchar(40) NOT NULL,
  `ip_address` varchar(45) NOT NULL,
  `timestamp` int(10) unsigned NOT NULL DEFAULT '0',
  `data` blob NOT NULL,
  PRIMARY KEY (`id`)
) ENGINE=InnoDB DEFAULT CHARSET=utf8;

--
-- Dumping data for table `bf_ci3_sessions`
--

INSERT INTO `bf_ci3_sessions` (`id`, `ip_address`, `timestamp`, `data`) VALUES
('04bc2417b25479add0e9ba352874bb8c0b5101e5', '::1', 1458049439, 0x5f5f63695f6c6173745f726567656e65726174657c693a313435383034393433393b7265717565737465645f706167657c733a37323a22687474703a2f2f6c6f63616c686f73742f7265656c62616e6b5f696e2f7075626c69632f696e6465782e7068702f61646d696e2f636f6e74656e742f6974656d732f637265617465223b70726576696f75735f706167657c733a37323a22687474703a2f2f6c6f63616c686f73742f7265656c62616e6b5f696e2f7075626c69632f696e6465782e7068702f61646d696e2f636f6e74656e742f6974656d732f637265617465223b757365725f69647c733a313a2231223b617574685f637573746f6d7c733a353a2261646d696e223b757365725f746f6b656e7c733a34303a2234326462653466626630323434386632623339656164663834343232366665316434656531363264223b6964656e746974797c733a31393a2261646d696e406d79626f6e666972652e636f6d223b726f6c655f69647c733a313a2231223b6c6f676765645f696e7c623a313b6c616e67756167657c733a373a22656e676c697368223b),
('061c1f9d2ab91ad4b0fec37d748f3898c8d9150a', '::1', 1457918146, 0x5f5f63695f6c6173745f726567656e65726174657c693a313435373931383134363b7265717565737465645f706167657c733a35393a22687474703a2f2f6c6f63616c686f73742f7265656c62616e6b5f696e2f7075626c69632f696e6465782e7068702f61646d696e2f636f6e74656e74223b6d6573736167657c733a303a22223b5f5f63695f766172737c613a313a7b733a373a226d657373616765223b733a333a226e6577223b7d),
('0b76b40f4fa00b8b43794bc6dbf4220de46369df', '::1', 1458038366, 0x5f5f63695f6c6173745f726567656e65726174657c693a313435383033383132373b7265717565737465645f706167657c733a36353a22687474703a2f2f6c6f63616c686f73742f7265656c62616e6b5f696e2f7075626c69632f696e6465782e7068702f61646d696e2f636f6e74656e742f6974656d73223b70726576696f75735f706167657c733a36353a22687474703a2f2f6c6f63616c686f73742f7265656c62616e6b5f696e2f7075626c69632f696e6465782e7068702f61646d696e2f636f6e74656e742f6974656d73223b757365725f69647c733a313a2231223b617574685f637573746f6d7c733a353a2261646d696e223b757365725f746f6b656e7c733a34303a2234326462653466626630323434386632623339656164663834343232366665316434656531363264223b6964656e746974797c733a31393a2261646d696e406d79626f6e666972652e636f6d223b726f6c655f69647c733a313a2231223b6c6f676765645f696e7c623a313b6c616e67756167657c733a373a22656e676c697368223b),
('0ddf20de0a24a5ad2473db8e0cf1327158117e0f', '::1', 1458037610, 0x5f5f63695f6c6173745f726567656e65726174657c693a313435383033373338303b7265717565737465645f706167657c733a36353a22687474703a2f2f6c6f63616c686f73742f7265656c62616e6b5f696e2f7075626c69632f696e6465782e7068702f61646d696e2f636f6e74656e742f6974656d73223b70726576696f75735f706167657c733a36353a22687474703a2f2f6c6f63616c686f73742f7265656c62616e6b5f696e2f7075626c69632f696e6465782e7068702f61646d696e2f636f6e74656e742f6974656d73223b757365725f69647c733a313a2231223b617574685f637573746f6d7c733a353a2261646d696e223b757365725f746f6b656e7c733a34303a2234326462653466626630323434386632623339656164663834343232366665316434656531363264223b6964656e746974797c733a31393a2261646d696e406d79626f6e666972652e636f6d223b726f6c655f69647c733a313a2231223b6c6f676765645f696e7c623a313b6c616e67756167657c733a373a22656e676c697368223b),
('10a0613dff1c3fa4cb4582b95a21d58b45e03ed0', '::1', 1458057826, 0x5f5f63695f6c6173745f726567656e65726174657c693a313435383035373532363b7265717565737465645f706167657c733a37373a22687474703a2f2f6c6f63616c686f73742f7265656c62616e6b5f696e2f7075626c69632f696e6465782e7068702f61646d696e2f636f6e74656e742f6275727374696e675f737472656e677468223b70726576696f75735f706167657c733a37373a22687474703a2f2f6c6f63616c686f73742f7265656c62616e6b5f696e2f7075626c69632f696e6465782e7068702f61646d696e2f636f6e74656e742f6275727374696e675f737472656e677468223b757365725f69647c733a313a2231223b617574685f637573746f6d7c733a353a2261646d696e223b757365725f746f6b656e7c733a34303a2234326462653466626630323434386632623339656164663834343232366665316434656531363264223b6964656e746974797c733a31393a2261646d696e406d79626f6e666972652e636f6d223b726f6c655f69647c733a313a2231223b6c6f676765645f696e7c623a313b6c616e67756167657c733a373a22656e676c697368223b),
('17c49d28b5505b8ee25a1a22b038a787ffe5bb33', '127.0.0.1', 1458102818, 0x5f5f63695f6c6173745f726567656e65726174657c693a313435383130323532393b7265717565737465645f706167657c733a34353a22687474703a2f2f6c6f63616c686f73742f7265656c62616e6b5f696e2f7075626c69632f696e6465782e706870223b70726576696f75735f706167657c733a34353a22687474703a2f2f6c6f63616c686f73742f7265656c62616e6b5f696e2f7075626c69632f696e6465782e706870223b),
('17cd463f87748499453fd3ee9a53e0a98e8453ae', '::1', 1458046419, 0x5f5f63695f6c6173745f726567656e65726174657c693a313435383034363339303b7265717565737465645f706167657c733a36353a22687474703a2f2f6c6f63616c686f73742f7265656c62616e6b5f696e2f7075626c69632f696e6465782e7068702f61646d696e2f636f6e74656e742f6974656d73223b70726576696f75735f706167657c733a36353a22687474703a2f2f6c6f63616c686f73742f7265656c62616e6b5f696e2f7075626c69632f696e6465782e7068702f61646d696e2f636f6e74656e742f6974656d73223b757365725f69647c733a313a2231223b617574685f637573746f6d7c733a353a2261646d696e223b757365725f746f6b656e7c733a34303a2234326462653466626630323434386632623339656164663834343232366665316434656531363264223b6964656e746974797c733a31393a2261646d696e406d79626f6e666972652e636f6d223b726f6c655f69647c733a313a2231223b6c6f676765645f696e7c623a313b6c616e67756167657c733a373a22656e676c697368223b),
('184310baefb5483834e5fc76a1749d3183eccdec', '127.0.0.1', 1458104036, 0x5f5f63695f6c6173745f726567656e65726174657c693a313435383130333835343b7265717565737465645f706167657c733a37363a22687474703a2f2f6c6f63616c686f73742f7265656c62616e6b5f696e2f7075626c69632f696e6465782e7068702f61646d696e2f636f6e74656e742f696e71756972792f6372656174652f31223b70726576696f75735f706167657c733a37363a22687474703a2f2f6c6f63616c686f73742f7265656c62616e6b5f696e2f7075626c69632f696e6465782e7068702f61646d696e2f636f6e74656e742f696e71756972792f6372656174652f31223b757365725f69647c733a313a2233223b617574685f637573746f6d7c733a353a22616e6b6974223b757365725f746f6b656e7c733a34303a2239653566376637393532653262656130316235313566633535353562623038326134363863353439223b6964656e746974797c733a32303a22616e6b6974677570746140676d61696c2e636f6d223b726f6c655f69647c733a313a2234223b6c6f676765645f696e7c623a313b6c616e67756167657c733a373a22656e676c697368223b),
('292f7ae5f7625c0f14ff90f3b80301e17c4208e9', '::1', 1458047170, 0x5f5f63695f6c6173745f726567656e65726174657c693a313435383034363932343b7265717565737465645f706167657c733a37323a22687474703a2f2f6c6f63616c686f73742f7265656c62616e6b5f696e2f7075626c69632f696e6465782e7068702f61646d696e2f636f6e74656e742f6974656d732f637265617465223b70726576696f75735f706167657c733a37323a22687474703a2f2f6c6f63616c686f73742f7265656c62616e6b5f696e2f7075626c69632f696e6465782e7068702f61646d696e2f636f6e74656e742f6974656d732f637265617465223b757365725f69647c733a313a2231223b617574685f637573746f6d7c733a353a2261646d696e223b757365725f746f6b656e7c733a34303a2234326462653466626630323434386632623339656164663834343232366665316434656531363264223b6964656e746974797c733a31393a2261646d696e406d79626f6e666972652e636f6d223b726f6c655f69647c733a313a2231223b6c6f676765645f696e7c623a313b6c616e67756167657c733a373a22656e676c697368223b),
('34b42839cbfa9fdd8662402ec129d17034c0ed8b', '127.0.0.1', 1458105088, 0x5f5f63695f6c6173745f726567656e65726174657c693a313435383130343937353b7265717565737465645f706167657c733a36373a22687474703a2f2f6c6f63616c686f73742f7265656c62616e6b5f696e2f7075626c69632f696e6465782e7068702f61646d696e2f636f6e74656e742f696e7175697279223b70726576696f75735f706167657c733a36373a22687474703a2f2f6c6f63616c686f73742f7265656c62616e6b5f696e2f7075626c69632f696e6465782e7068702f61646d696e2f636f6e74656e742f696e7175697279223b757365725f69647c733a313a2233223b617574685f637573746f6d7c733a353a22616e6b6974223b757365725f746f6b656e7c733a34303a2239653566376637393532653262656130316235313566633535353562623038326134363863353439223b6964656e746974797c733a32303a22616e6b6974677570746140676d61696c2e636f6d223b726f6c655f69647c733a313a2234223b6c6f676765645f696e7c623a313b6c616e67756167657c733a373a22656e676c697368223b70726f66696c655f69647c733a313a2231223b6d6573736167657c733a303a22223b5f5f63695f766172737c613a313a7b733a373a226d657373616765223b733a333a226e6577223b7d),
('3e7d32a6782fe512eb3dc9dbb24a0de9026517b8', '::1', 1458005991, 0x5f5f63695f6c6173745f726567656e65726174657c693a313435383030353739363b7265717565737465645f706167657c733a38353a22687474703a2f2f6c6f63616c686f73742f7265656c62616e6b5f696e2f7075626c69632f696e6465782e7068702f61646d696e2f646576656c6f7065722f6275696c6465722f6372656174655f6d6f64756c652f31223b70726576696f75735f706167657c733a38353a22687474703a2f2f6c6f63616c686f73742f7265656c62616e6b5f696e2f7075626c69632f696e6465782e7068702f61646d696e2f646576656c6f7065722f6275696c6465722f6372656174655f6d6f64756c652f31223b757365725f69647c733a313a2231223b617574685f637573746f6d7c733a353a2261646d696e223b757365725f746f6b656e7c733a34303a2234326462653466626630323434386632623339656164663834343232366665316434656531363264223b6964656e746974797c733a31393a2261646d696e406d79626f6e666972652e636f6d223b726f6c655f69647c733a313a2231223b6c6f676765645f696e7c623a313b6c616e67756167657c733a373a22656e676c697368223b),
('506c5e27180253c1c1f6b2df57f3ab2a4187b736', '::1', 1458050805, 0x5f5f63695f6c6173745f726567656e65726174657c693a313435383035303631393b7265717565737465645f706167657c733a37323a22687474703a2f2f6c6f63616c686f73742f7265656c62616e6b5f696e2f7075626c69632f696e6465782e7068702f61646d696e2f636f6e74656e742f6974656d732f637265617465223b70726576696f75735f706167657c733a37323a22687474703a2f2f6c6f63616c686f73742f7265656c62616e6b5f696e2f7075626c69632f696e6465782e7068702f61646d696e2f636f6e74656e742f6974656d732f637265617465223b757365725f69647c733a313a2231223b617574685f637573746f6d7c733a353a2261646d696e223b757365725f746f6b656e7c733a34303a2234326462653466626630323434386632623339656164663834343232366665316434656531363264223b6964656e746974797c733a31393a2261646d696e406d79626f6e666972652e636f6d223b726f6c655f69647c733a313a2231223b6c6f676765645f696e7c623a313b6c616e67756167657c733a373a22656e676c697368223b),
('53d4644817cdfe108196a4b2735fb0b14f074b52', '::1', 1458033352, 0x5f5f63695f6c6173745f726567656e65726174657c693a313435383033333038373b7265717565737465645f706167657c733a34353a22687474703a2f2f6c6f63616c686f73742f7265656c62616e6b5f696e2f7075626c69632f696e6465782e706870223b70726576696f75735f706167657c733a34353a22687474703a2f2f6c6f63616c686f73742f7265656c62616e6b5f696e2f7075626c69632f696e6465782e706870223b),
('58da72e88a7d08f2326e8218110cd73ca5115af1', '127.0.0.1', 1458065375, 0x5f5f63695f6c6173745f726567656e65726174657c693a313435383036353131303b7265717565737465645f706167657c733a37323a22687474703a2f2f6c6f63616c686f73742f7265656c62616e6b5f696e2f7075626c69632f696e6465782e7068702f61646d696e2f636f6e74656e742f6974656d732f637265617465223b70726576696f75735f706167657c733a37323a22687474703a2f2f6c6f63616c686f73742f7265656c62616e6b5f696e2f7075626c69632f696e6465782e7068702f61646d696e2f636f6e74656e742f6974656d732f637265617465223b757365725f69647c733a313a2232223b617574685f637573746f6d7c733a353a2272616d6b79223b757365725f746f6b656e7c733a34303a2231346131326434663037396632343837303461376533643230313565373639386436653933616336223b6964656e746974797c733a31393a2262726b726973686e6140676d61696c2e636f6d223b726f6c655f69647c733a313a2232223b6c6f676765645f696e7c623a313b6c616e67756167657c733a373a22656e676c697368223b),
('5bfd20f729d87f12427d6954d0d7183d744ba5a9', '::1', 1458045799, 0x5f5f63695f6c6173745f726567656e65726174657c693a313435383034353733343b7265717565737465645f706167657c733a36373a22687474703a2f2f6c6f63616c686f73742f7265656c62616e6b5f696e2f7075626c69632f696e6465782e7068702f61646d696e2f636f6e74656e742f70726f66696c65223b70726576696f75735f706167657c733a36373a22687474703a2f2f6c6f63616c686f73742f7265656c62616e6b5f696e2f7075626c69632f696e6465782e7068702f61646d696e2f636f6e74656e742f70726f66696c65223b757365725f69647c733a313a2231223b617574685f637573746f6d7c733a353a2261646d696e223b757365725f746f6b656e7c733a34303a2234326462653466626630323434386632623339656164663834343232366665316434656531363264223b6964656e746974797c733a31393a2261646d696e406d79626f6e666972652e636f6d223b726f6c655f69647c733a313a2231223b6c6f676765645f696e7c623a313b6c616e67756167657c733a373a22656e676c697368223b),
('5db88550305adab27166d4381cf794794ff13f4a', '::1', 1458008963, 0x5f5f63695f6c6173745f726567656e65726174657c693a313435383030383637353b7265717565737465645f706167657c733a36393a22687474703a2f2f6c6f63616c686f73742f7265656c62616e6b5f696e2f7075626c69632f696e6465782e7068702f61646d696e2f646576656c6f7065722f6275696c646572223b70726576696f75735f706167657c733a36393a22687474703a2f2f6c6f63616c686f73742f7265656c62616e6b5f696e2f7075626c69632f696e6465782e7068702f61646d696e2f646576656c6f7065722f6275696c646572223b757365725f69647c733a313a2231223b617574685f637573746f6d7c733a353a2261646d696e223b757365725f746f6b656e7c733a34303a2234326462653466626630323434386632623339656164663834343232366665316434656531363264223b6964656e746974797c733a31393a2261646d696e406d79626f6e666972652e636f6d223b726f6c655f69647c733a313a2231223b6c6f676765645f696e7c623a313b6c616e67756167657c733a373a22656e676c697368223b),
('5e736f5321ea8d33f0fc2ba07cabc78818099917', '127.0.0.1', 1458064181, 0x5f5f63695f6c6173745f726567656e65726174657c693a313435383036333933373b7265717565737465645f706167657c733a37323a22687474703a2f2f6c6f63616c686f73742f7265656c62616e6b5f696e2f7075626c69632f696e6465782e7068702f61646d696e2f636f6e74656e742f6974656d732f637265617465223b70726576696f75735f706167657c733a37323a22687474703a2f2f6c6f63616c686f73742f7265656c62616e6b5f696e2f7075626c69632f696e6465782e7068702f61646d696e2f636f6e74656e742f6974656d732f637265617465223b757365725f69647c733a313a2232223b617574685f637573746f6d7c733a353a2272616d6b79223b757365725f746f6b656e7c733a34303a2231346131326434663037396632343837303461376533643230313565373639386436653933616336223b6964656e746974797c733a31393a2262726b726973686e6140676d61696c2e636f6d223b726f6c655f69647c733a313a2232223b6c6f676765645f696e7c623a313b6c616e67756167657c733a373a22656e676c697368223b),
('65a552800b2c2a106516151a2a5efb9e1e856985', '::1', 1458066426, 0x5f5f63695f6c6173745f726567656e65726174657c693a313435383036363133343b7265717565737465645f706167657c733a38353a22687474703a2f2f6c6f63616c686f73742f7265656c62616e6b5f696e2f7075626c69632f696e6465782e7068702f61646d696e2f646576656c6f7065722f6275696c6465722f6372656174655f6d6f64756c652f33223b70726576696f75735f706167657c733a38353a22687474703a2f2f6c6f63616c686f73742f7265656c62616e6b5f696e2f7075626c69632f696e6465782e7068702f61646d696e2f646576656c6f7065722f6275696c6465722f6372656174655f6d6f64756c652f33223b757365725f69647c733a313a2231223b617574685f637573746f6d7c733a353a2261646d696e223b757365725f746f6b656e7c733a34303a2234326462653466626630323434386632623339656164663834343232366665316434656531363264223b6964656e746974797c733a31393a2261646d696e406d79626f6e666972652e636f6d223b726f6c655f69647c733a313a2231223b6c6f676765645f696e7c623a313b6c616e67756167657c733a373a22656e676c697368223b),
('6dca27af158b11f467bb6552506bb1ce6f8bd8a2', '::1', 1458009632, 0x5f5f63695f6c6173745f726567656e65726174657c693a313435383030393539393b7265717565737465645f706167657c733a38353a22687474703a2f2f6c6f63616c686f73742f7265656c62616e6b5f696e2f7075626c69632f696e6465782e7068702f61646d696e2f646576656c6f7065722f6275696c6465722f6372656174655f6d6f64756c652f39223b70726576696f75735f706167657c733a38353a22687474703a2f2f6c6f63616c686f73742f7265656c62616e6b5f696e2f7075626c69632f696e6465782e7068702f61646d696e2f646576656c6f7065722f6275696c6465722f6372656174655f6d6f64756c652f39223b757365725f69647c733a313a2231223b617574685f637573746f6d7c733a353a2261646d696e223b757365725f746f6b656e7c733a34303a2234326462653466626630323434386632623339656164663834343232366665316434656531363264223b6964656e746974797c733a31393a2261646d696e406d79626f6e666972652e636f6d223b726f6c655f69647c733a313a2231223b6c6f676765645f696e7c623a313b6c616e67756167657c733a373a22656e676c697368223b),
('704eaba24689f5415108e100eafc74a2eeaabef4', '::1', 1458036710, 0x5f5f63695f6c6173745f726567656e65726174657c693a313435383033363431313b7265717565737465645f706167657c733a38343a22687474703a2f2f6c6f63616c686f73742f7265656c62616e6b5f696e2f7075626c69632f696e6465782e7068702f61646d696e2f636f6e74656e742f6275727374696e675f737472656e6774682f637265617465223b70726576696f75735f706167657c733a38343a22687474703a2f2f6c6f63616c686f73742f7265656c62616e6b5f696e2f7075626c69632f696e6465782e7068702f61646d696e2f636f6e74656e742f6275727374696e675f737472656e6774682f637265617465223b757365725f69647c733a313a2231223b617574685f637573746f6d7c733a353a2261646d696e223b757365725f746f6b656e7c733a34303a2234326462653466626630323434386632623339656164663834343232366665316434656531363264223b6964656e746974797c733a31393a2261646d696e406d79626f6e666972652e636f6d223b726f6c655f69647c733a313a2231223b6c6f676765645f696e7c623a313b6c616e67756167657c733a373a22656e676c697368223b),
('71c1aaeee7b088ca8de8891aaeb80824419cf122', '::1', 1458104265, 0x5f5f63695f6c6173745f726567656e65726174657c693a313435383130343236353b7265717565737465645f706167657c733a36363a22687474703a2f2f6c6f63616c686f73742f7265656c62616e6b5f696e2f7075626c69632f696e6465782e7068702f61646d696e2f73657474696e67732f726f6c6573223b757365725f69647c733a313a2231223b617574685f637573746f6d7c733a353a2261646d696e223b757365725f746f6b656e7c733a34303a2234326462653466626630323434386632623339656164663834343232366665316434656531363264223b6964656e746974797c733a31393a2261646d696e406d79626f6e666972652e636f6d223b726f6c655f69647c733a313a2231223b6c6f676765645f696e7c623a313b6c616e67756167657c733a373a22656e676c697368223b70726576696f75735f706167657c733a36363a22687474703a2f2f6c6f63616c686f73742f7265656c62616e6b5f696e2f7075626c69632f696e6465782e7068702f61646d696e2f73657474696e67732f726f6c6573223b),
('72ea74cca8c924d076bb3d8281e23edb84ba8fbb', '127.0.0.1', 1458065723, 0x5f5f63695f6c6173745f726567656e65726174657c693a313435383036353432373b7265717565737465645f706167657c733a36353a22687474703a2f2f6c6f63616c686f73742f7265656c62616e6b5f696e2f7075626c69632f696e6465782e7068702f61646d696e2f636f6e74656e742f6974656d73223b70726576696f75735f706167657c733a36353a22687474703a2f2f6c6f63616c686f73742f7265656c62616e6b5f696e2f7075626c69632f696e6465782e7068702f61646d696e2f636f6e74656e742f6974656d73223b757365725f69647c733a313a2232223b617574685f637573746f6d7c733a353a2272616d6b79223b757365725f746f6b656e7c733a34303a2231346131326434663037396632343837303461376533643230313565373639386436653933616336223b6964656e746974797c733a31393a2262726b726973686e6140676d61696c2e636f6d223b726f6c655f69647c733a313a2232223b6c6f676765645f696e7c623a313b6c616e67756167657c733a373a22656e676c697368223b6d6573736167657c733a303a22223b5f5f63695f766172737c613a313a7b733a373a226d657373616765223b733a333a226e6577223b7d),
('773168a62f6386a0e807b0799c8a684cbbc4d945', '::1', 1458034268, 0x5f5f63695f6c6173745f726567656e65726174657c693a313435383033343236383b7265717565737465645f706167657c733a34353a22687474703a2f2f6c6f63616c686f73742f7265656c62616e6b5f696e2f7075626c69632f696e6465782e706870223b70726576696f75735f706167657c733a34353a22687474703a2f2f6c6f63616c686f73742f7265656c62616e6b5f696e2f7075626c69632f696e6465782e706870223b),
('785b8c83eaf81397349cfbdc2c75f761f9df47c8', '127.0.0.1', 1458102985, 0x5f5f63695f6c6173745f726567656e65726174657c693a313435383130323930343b7265717565737465645f706167657c733a34353a22687474703a2f2f6c6f63616c686f73742f7265656c62616e6b5f696e2f7075626c69632f696e6465782e706870223b70726576696f75735f706167657c733a34353a22687474703a2f2f6c6f63616c686f73742f7265656c62616e6b5f696e2f7075626c69632f696e6465782e706870223b),
('7da3e3feb454aa89eb68edb3738f2df79558c618', '::1', 1458006147, 0x5f5f63695f6c6173745f726567656e65726174657c693a313435383030363133383b7265717565737465645f706167657c733a36393a22687474703a2f2f6c6f63616c686f73742f7265656c62616e6b5f696e2f7075626c69632f696e6465782e7068702f61646d696e2f646576656c6f7065722f6275696c646572223b70726576696f75735f706167657c733a36393a22687474703a2f2f6c6f63616c686f73742f7265656c62616e6b5f696e2f7075626c69632f696e6465782e7068702f61646d696e2f646576656c6f7065722f6275696c646572223b757365725f69647c733a313a2231223b617574685f637573746f6d7c733a353a2261646d696e223b757365725f746f6b656e7c733a34303a2234326462653466626630323434386632623339656164663834343232366665316434656531363264223b6964656e746974797c733a31393a2261646d696e406d79626f6e666972652e636f6d223b726f6c655f69647c733a313a2231223b6c6f676765645f696e7c623a313b6c616e67756167657c733a373a22656e676c697368223b),
('7e82d18f710094f3b842835a7128929e6a8ac828', '::1', 1458036923, 0x5f5f63695f6c6173745f726567656e65726174657c693a313435383033363731343b7265717565737465645f706167657c733a37373a22687474703a2f2f6c6f63616c686f73742f7265656c62616e6b5f696e2f7075626c69632f696e6465782e7068702f61646d696e2f636f6e74656e742f6275727374696e675f737472656e677468223b70726576696f75735f706167657c733a37373a22687474703a2f2f6c6f63616c686f73742f7265656c62616e6b5f696e2f7075626c69632f696e6465782e7068702f61646d696e2f636f6e74656e742f6275727374696e675f737472656e677468223b757365725f69647c733a313a2231223b617574685f637573746f6d7c733a353a2261646d696e223b757365725f746f6b656e7c733a34303a2234326462653466626630323434386632623339656164663834343232366665316434656531363264223b6964656e746974797c733a31393a2261646d696e406d79626f6e666972652e636f6d223b726f6c655f69647c733a313a2231223b6c6f676765645f696e7c623a313b6c616e67756167657c733a373a22656e676c697368223b),
('82c59f293431160ab3ac6fd3297c26580e279955', '::1', 1458039260, 0x5f5f63695f6c6173745f726567656e65726174657c693a313435383033383937353b7265717565737465645f706167657c733a36373a22687474703a2f2f6c6f63616c686f73742f7265656c62616e6b5f696e2f7075626c69632f696e6465782e7068702f61646d696e2f636f6e74656e742f70726f66696c65223b70726576696f75735f706167657c733a36373a22687474703a2f2f6c6f63616c686f73742f7265656c62616e6b5f696e2f7075626c69632f696e6465782e7068702f61646d696e2f636f6e74656e742f70726f66696c65223b757365725f69647c733a313a2231223b617574685f637573746f6d7c733a353a2261646d696e223b757365725f746f6b656e7c733a34303a2234326462653466626630323434386632623339656164663834343232366665316434656531363264223b6964656e746974797c733a31393a2261646d696e406d79626f6e666972652e636f6d223b726f6c655f69647c733a313a2231223b6c6f676765645f696e7c623a313b6c616e67756167657c733a373a22656e676c697368223b),
('94f99968503f6536efcd16ae8d3a9c32f934a7a6', '::1', 1458059726, 0x5f5f63695f6c6173745f726567656e65726174657c693a313435383035393433323b7265717565737465645f706167657c733a37333a22687474703a2f2f6c6f63616c686f73742f7265656c62616e6b5f696e2f7075626c69632f696e6465782e7068702f61646d696e2f636f6e74656e742f636f6d70616e795f7573657273223b70726576696f75735f706167657c733a37333a22687474703a2f2f6c6f63616c686f73742f7265656c62616e6b5f696e2f7075626c69632f696e6465782e7068702f61646d696e2f636f6e74656e742f636f6d70616e795f7573657273223b757365725f69647c733a313a2231223b617574685f637573746f6d7c733a353a2261646d696e223b757365725f746f6b656e7c733a34303a2234326462653466626630323434386632623339656164663834343232366665316434656531363264223b6964656e746974797c733a31393a2261646d696e406d79626f6e666972652e636f6d223b726f6c655f69647c733a313a2231223b6c6f676765645f696e7c623a313b6c616e67756167657c733a373a22656e676c697368223b6d6573736167657c733a303a22223b5f5f63695f766172737c613a313a7b733a373a226d657373616765223b733a333a226f6c64223b7d),
('98e2c4241a9fca0ea6ea67f2feaff638cafd37e5', '::1', 1458050603, 0x5f5f63695f6c6173745f726567656e65726174657c693a313435383035303330333b7265717565737465645f706167657c733a37323a22687474703a2f2f6c6f63616c686f73742f7265656c62616e6b5f696e2f7075626c69632f696e6465782e7068702f61646d696e2f636f6e74656e742f6974656d732f637265617465223b70726576696f75735f706167657c733a37323a22687474703a2f2f6c6f63616c686f73742f7265656c62616e6b5f696e2f7075626c69632f696e6465782e7068702f61646d696e2f636f6e74656e742f6974656d732f637265617465223b757365725f69647c733a313a2231223b617574685f637573746f6d7c733a353a2261646d696e223b757365725f746f6b656e7c733a34303a2234326462653466626630323434386632623339656164663834343232366665316434656531363264223b6964656e746974797c733a31393a2261646d696e406d79626f6e666972652e636f6d223b726f6c655f69647c733a313a2231223b6c6f676765645f696e7c623a313b6c616e67756167657c733a373a22656e676c697368223b),
('98f74238bca659ac1ed50a36445258f1327bc956', '::1', 1458032382, 0x5f5f63695f6c6173745f726567656e65726174657c693a313435383033323331333b7265717565737465645f706167657c733a35393a22687474703a2f2f6c6f63616c686f73742f7265656c62616e6b5f696e2f7075626c69632f696e6465782e7068702f61646d696e2f636f6e74656e74223b70726576696f75735f706167657c733a35393a22687474703a2f2f6c6f63616c686f73742f7265656c62616e6b5f696e2f7075626c69632f696e6465782e7068702f61646d696e2f636f6e74656e74223b757365725f69647c733a313a2231223b617574685f637573746f6d7c733a353a2261646d696e223b757365725f746f6b656e7c733a34303a2234326462653466626630323434386632623339656164663834343232366665316434656531363264223b6964656e746974797c733a31393a2261646d696e406d79626f6e666972652e636f6d223b726f6c655f69647c733a313a2231223b6c6f676765645f696e7c623a313b6c616e67756167657c733a373a22656e676c697368223b),
('9c881a3b43a7a2828cea906c179e219e0864c8c7', '::1', 1458104742, 0x5f5f63695f6c6173745f726567656e65726174657c693a313435383130343733383b7265717565737465645f706167657c733a36363a22687474703a2f2f6c6f63616c686f73742f7265656c62616e6b5f696e2f7075626c69632f696e6465782e7068702f61646d696e2f73657474696e67732f726f6c6573223b757365725f69647c733a313a2231223b617574685f637573746f6d7c733a353a2261646d696e223b757365725f746f6b656e7c733a34303a2234326462653466626630323434386632623339656164663834343232366665316434656531363264223b6964656e746974797c733a31393a2261646d696e406d79626f6e666972652e636f6d223b726f6c655f69647c733a313a2231223b6c6f676765645f696e7c623a313b6c616e67756167657c733a373a22656e676c697368223b70726576696f75735f706167657c733a36363a22687474703a2f2f6c6f63616c686f73742f7265656c62616e6b5f696e2f7075626c69632f696e6465782e7068702f61646d696e2f73657474696e67732f726f6c6573223b),
('a8db686a6c11308f0bda908e8e2ec5378a63174a', '127.0.0.1', 1458058117, 0x5f5f63695f6c6173745f726567656e65726174657c693a313435383035373839353b7265717565737465645f706167657c733a36333a22687474703a2f2f6c6f63616c686f73742f7265656c62616e6b5f696e2f7075626c69632f696e6465782e7068702f61646d696e2f636f6e74656e742f67736d223b70726576696f75735f706167657c733a36333a22687474703a2f2f6c6f63616c686f73742f7265656c62616e6b5f696e2f7075626c69632f696e6465782e7068702f61646d696e2f636f6e74656e742f67736d223b757365725f69647c733a313a2232223b617574685f637573746f6d7c733a353a2272616d6b79223b757365725f746f6b656e7c733a34303a2231346131326434663037396632343837303461376533643230313565373639386436653933616336223b6964656e746974797c733a31393a2262726b726973686e6140676d61696c2e636f6d223b726f6c655f69647c733a313a2232223b6c6f676765645f696e7c623a313b6c616e67756167657c733a373a22656e676c697368223b),
('ad8084392fd6fc913b40010ee1bcd62468ab718d', '::1', 1457885928, 0x5f5f63695f6c6173745f726567656e65726174657c693a313435373838353932343b7265717565737465645f706167657c733a35393a22687474703a2f2f6c6f63616c686f73742f7265656c62616e6b5f696e2f7075626c69632f696e6465782e7068702f61646d696e2f636f6e74656e74223b757365725f69647c733a313a2231223b617574685f637573746f6d7c733a353a2261646d696e223b757365725f746f6b656e7c733a34303a2234326462653466626630323434386632623339656164663834343232366665316434656531363264223b6964656e746974797c733a31393a2261646d696e406d79626f6e666972652e636f6d223b726f6c655f69647c733a313a2231223b6c6f676765645f696e7c623a313b6c616e67756167657c733a373a22656e676c697368223b70726576696f75735f706167657c733a35393a22687474703a2f2f6c6f63616c686f73742f7265656c62616e6b5f696e2f7075626c69632f696e6465782e7068702f61646d696e2f636f6e74656e74223b),
('ad85a79c8f5cf5277364bf0dfb5f0ad3594a6268', '127.0.0.1', 1458057885, 0x5f5f63695f6c6173745f726567656e65726174657c693a313435383035373539303b7265717565737465645f706167657c733a36373a22687474703a2f2f6c6f63616c686f73742f7265656c62616e6b5f696e2f7075626c69632f696e6465782e7068702f61646d696e2f636f6e74656e742f70726f66696c65223b70726576696f75735f706167657c733a36373a22687474703a2f2f6c6f63616c686f73742f7265656c62616e6b5f696e2f7075626c69632f696e6465782e7068702f61646d696e2f636f6e74656e742f70726f66696c65223b757365725f69647c733a313a2232223b617574685f637573746f6d7c733a353a2272616d6b79223b757365725f746f6b656e7c733a34303a2231346131326434663037396632343837303461376533643230313565373639386436653933616336223b6964656e746974797c733a31393a2262726b726973686e6140676d61696c2e636f6d223b726f6c655f69647c733a313a2232223b6c6f676765645f696e7c623a313b6c616e67756167657c733a373a22656e676c697368223b),
('b38a9221d6f8e1444319f56bd12b9510ec7dae56', '::1', 1458011198, 0x5f5f63695f6c6173745f726567656e65726174657c693a313435383031313130333b7265717565737465645f706167657c733a37333a22687474703a2f2f6c6f63616c686f73742f7265656c62616e6b5f696e2f7075626c69632f696e6465782e7068702f61646d696e2f73657474696e67732f75736572732f637265617465223b70726576696f75735f706167657c733a37333a22687474703a2f2f6c6f63616c686f73742f7265656c62616e6b5f696e2f7075626c69632f696e6465782e7068702f61646d696e2f73657474696e67732f75736572732f637265617465223b757365725f69647c733a313a2231223b617574685f637573746f6d7c733a353a2261646d696e223b757365725f746f6b656e7c733a34303a2234326462653466626630323434386632623339656164663834343232366665316434656531363264223b6964656e746974797c733a31393a2261646d696e406d79626f6e666972652e636f6d223b726f6c655f69647c733a313a2231223b6c6f676765645f696e7c623a313b6c616e67756167657c733a373a22656e676c697368223b),
('ba0426b2c01b91100a0459d9974942866227541a', '::1', 1458040349, 0x5f5f63695f6c6173745f726567656e65726174657c693a313435383034303334313b7265717565737465645f706167657c733a34353a22687474703a2f2f6c6f63616c686f73742f7265656c62616e6b5f696e2f7075626c69632f696e6465782e706870223b70726576696f75735f706167657c733a34353a22687474703a2f2f6c6f63616c686f73742f7265656c62616e6b5f696e2f7075626c69632f696e6465782e706870223b757365725f69647c733a313a2232223b617574685f637573746f6d7c733a353a2272616d6b79223b757365725f746f6b656e7c733a34303a2231346131326434663037396632343837303461376533643230313565373639386436653933616336223b6964656e746974797c733a31393a2262726b726973686e6140676d61696c2e636f6d223b726f6c655f69647c733a313a2234223b6c6f676765645f696e7c623a313b6c616e67756167657c733a373a22656e676c697368223b6d6573736167657c733a303a22223b5f5f63695f766172737c613a313a7b733a373a226d657373616765223b733a333a226e6577223b7d),
('bca1fc97bcf9427ac6a5f8b87a3939fb8e91fad9', '::1', 1458034032, 0x5f5f63695f6c6173745f726567656e65726174657c693a313435383033333936313b7265717565737465645f706167657c733a34353a22687474703a2f2f6c6f63616c686f73742f7265656c62616e6b5f696e2f7075626c69632f696e6465782e706870223b70726576696f75735f706167657c733a34353a22687474703a2f2f6c6f63616c686f73742f7265656c62616e6b5f696e2f7075626c69632f696e6465782e706870223b),
('be676dcbd92934fce543c5173753c52203afc91a', '::1', 1458059284, 0x5f5f63695f6c6173745f726567656e65726174657c693a313435383035393038353b7265717565737465645f706167657c733a38303a22687474703a2f2f6c6f63616c686f73742f7265656c62616e6b5f696e2f7075626c69632f696e6465782e7068702f61646d696e2f636f6e74656e742f636f6d70616e795f75736572732f637265617465223b70726576696f75735f706167657c733a38303a22687474703a2f2f6c6f63616c686f73742f7265656c62616e6b5f696e2f7075626c69632f696e6465782e7068702f61646d696e2f636f6e74656e742f636f6d70616e795f75736572732f637265617465223b757365725f69647c733a313a2231223b617574685f637573746f6d7c733a353a2261646d696e223b757365725f746f6b656e7c733a34303a2234326462653466626630323434386632623339656164663834343232366665316434656531363264223b6964656e746974797c733a31393a2261646d696e406d79626f6e666972652e636f6d223b726f6c655f69647c733a313a2231223b6c6f676765645f696e7c623a313b6c616e67756167657c733a373a22656e676c697368223b),
('c4b5e518fe00e27c340893a84140cd4422c79df1', '::1', 1458064372, 0x5f5f63695f6c6173745f726567656e65726174657c693a313435383036343337313b7265717565737465645f706167657c733a37333a22687474703a2f2f6c6f63616c686f73742f7265656c62616e6b5f696e2f7075626c69632f696e6465782e7068702f61646d696e2f636f6e74656e742f636f6d70616e795f7573657273223b70726576696f75735f706167657c733a37333a22687474703a2f2f6c6f63616c686f73742f7265656c62616e6b5f696e2f7075626c69632f696e6465782e7068702f61646d696e2f636f6e74656e742f636f6d70616e795f7573657273223b757365725f69647c733a313a2231223b617574685f637573746f6d7c733a353a2261646d696e223b757365725f746f6b656e7c733a34303a2234326462653466626630323434386632623339656164663834343232366665316434656531363264223b6964656e746974797c733a31393a2261646d696e406d79626f6e666972652e636f6d223b726f6c655f69647c733a313a2231223b6c6f676765645f696e7c623a313b6c616e67756167657c733a373a22656e676c697368223b6d6573736167657c733a303a22223b5f5f63695f766172737c613a313a7b733a373a226d657373616765223b733a333a226f6c64223b7d),
('d0d3df2fd3093782155aadd95066b971d1320c9d', '127.0.0.1', 1458064754, 0x5f5f63695f6c6173745f726567656e65726174657c693a313435383036343535323b7265717565737465645f706167657c733a36353a22687474703a2f2f6c6f63616c686f73742f7265656c62616e6b5f696e2f7075626c69632f696e6465782e7068702f61646d696e2f636f6e74656e742f6974656d73223b70726576696f75735f706167657c733a36353a22687474703a2f2f6c6f63616c686f73742f7265656c62616e6b5f696e2f7075626c69632f696e6465782e7068702f61646d696e2f636f6e74656e742f6974656d73223b757365725f69647c733a313a2232223b617574685f637573746f6d7c733a353a2272616d6b79223b757365725f746f6b656e7c733a34303a2231346131326434663037396632343837303461376533643230313565373639386436653933616336223b6964656e746974797c733a31393a2262726b726973686e6140676d61696c2e636f6d223b726f6c655f69647c733a313a2232223b6c6f676765645f696e7c623a313b6c616e67756167657c733a373a22656e676c697368223b6d6573736167657c733a303a22223b5f5f63695f766172737c613a313a7b733a373a226d657373616765223b733a333a226e6577223b7d),
('d54239d321d2fa7545c6252727143709ddbb87c1', '::1', 1458103645, 0x5f5f63695f6c6173745f726567656e65726174657c693a313435383130333436333b7265717565737465645f706167657c733a36363a22687474703a2f2f6c6f63616c686f73742f7265656c62616e6b5f696e2f7075626c69632f696e6465782e7068702f61646d696e2f73657474696e67732f726f6c6573223b757365725f69647c733a313a2231223b617574685f637573746f6d7c733a353a2261646d696e223b757365725f746f6b656e7c733a34303a2234326462653466626630323434386632623339656164663834343232366665316434656531363264223b6964656e746974797c733a31393a2261646d696e406d79626f6e666972652e636f6d223b726f6c655f69647c733a313a2231223b6c6f676765645f696e7c623a313b6c616e67756167657c733a373a22656e676c697368223b70726576696f75735f706167657c733a36363a22687474703a2f2f6c6f63616c686f73742f7265656c62616e6b5f696e2f7075626c69632f696e6465782e7068702f61646d696e2f73657474696e67732f726f6c6573223b6d6573736167657c733a303a22223b5f5f63695f766172737c613a313a7b733a373a226d657373616765223b733a333a226e6577223b7d),
('d61467738d50074f67fa2448642cd3ff200210e8', '127.0.0.1', 1458064543, 0x5f5f63695f6c6173745f726567656e65726174657c693a313435383036343235313b7265717565737465645f706167657c733a37323a22687474703a2f2f6c6f63616c686f73742f7265656c62616e6b5f696e2f7075626c69632f696e6465782e7068702f61646d696e2f636f6e74656e742f6974656d732f656469742f31223b70726576696f75735f706167657c733a37323a22687474703a2f2f6c6f63616c686f73742f7265656c62616e6b5f696e2f7075626c69632f696e6465782e7068702f61646d696e2f636f6e74656e742f6974656d732f656469742f31223b757365725f69647c733a313a2232223b617574685f637573746f6d7c733a353a2272616d6b79223b757365725f746f6b656e7c733a34303a2231346131326434663037396632343837303461376533643230313565373639386436653933616336223b6964656e746974797c733a31393a2262726b726973686e6140676d61696c2e636f6d223b726f6c655f69647c733a313a2232223b6c6f676765645f696e7c623a313b6c616e67756167657c733a373a22656e676c697368223b6d6573736167657c733a303a22223b5f5f63695f766172737c613a313a7b733a373a226d657373616765223b733a333a226f6c64223b7d),
('d7ab2bf44d44f78b28f81ca31e1915db15349755', '::1', 1458063898, 0x5f5f63695f6c6173745f726567656e65726174657c693a313435383036333634313b7265717565737465645f706167657c733a37333a22687474703a2f2f6c6f63616c686f73742f7265656c62616e6b5f696e2f7075626c69632f696e6465782e7068702f61646d696e2f636f6e74656e742f636f6d70616e795f7573657273223b70726576696f75735f706167657c733a37333a22687474703a2f2f6c6f63616c686f73742f7265656c62616e6b5f696e2f7075626c69632f696e6465782e7068702f61646d696e2f636f6e74656e742f636f6d70616e795f7573657273223b757365725f69647c733a313a2231223b617574685f637573746f6d7c733a353a2261646d696e223b757365725f746f6b656e7c733a34303a2234326462653466626630323434386632623339656164663834343232366665316434656531363264223b6964656e746974797c733a31393a2261646d696e406d79626f6e666972652e636f6d223b726f6c655f69647c733a313a2231223b6c6f676765645f696e7c623a313b6c616e67756167657c733a373a22656e676c697368223b6d6573736167657c733a303a22223b5f5f63695f766172737c613a313a7b733a373a226d657373616765223b733a333a226e6577223b7d),
('d878d9c3a7f1abd2afd5cf4cf450b6c820a73f79', '::1', 1458057833, 0x5f5f63695f6c6173745f726567656e65726174657c693a313435383035373832393b7265717565737465645f706167657c733a37373a22687474703a2f2f6c6f63616c686f73742f7265656c62616e6b5f696e2f7075626c69632f696e6465782e7068702f61646d696e2f636f6e74656e742f6275727374696e675f737472656e677468223b70726576696f75735f706167657c733a37373a22687474703a2f2f6c6f63616c686f73742f7265656c62616e6b5f696e2f7075626c69632f696e6465782e7068702f61646d696e2f636f6e74656e742f6275727374696e675f737472656e677468223b757365725f69647c733a313a2231223b617574685f637573746f6d7c733a353a2261646d696e223b757365725f746f6b656e7c733a34303a2234326462653466626630323434386632623339656164663834343232366665316434656531363264223b6964656e746974797c733a31393a2261646d696e406d79626f6e666972652e636f6d223b726f6c655f69647c733a313a2231223b6c6f676765645f696e7c623a313b6c616e67756167657c733a373a22656e676c697368223b6d6573736167657c733a303a22223b5f5f63695f766172737c613a313a7b733a373a226d657373616765223b733a333a226e6577223b7d),
('d8ef49a807f63a8c09593b576e5f027ed210b647', '::1', 1458050191, 0x5f5f63695f6c6173745f726567656e65726174657c693a313435383034393839333b7265717565737465645f706167657c733a36363a22687474703a2f2f6c6f63616c686f73742f7265656c62616e6b5f696e2f7075626c69632f696e6465782e7068702f61646d696e2f73657474696e67732f726f6c6573223b70726576696f75735f706167657c733a36363a22687474703a2f2f6c6f63616c686f73742f7265656c62616e6b5f696e2f7075626c69632f696e6465782e7068702f61646d696e2f73657474696e67732f726f6c6573223b757365725f69647c733a313a2231223b617574685f637573746f6d7c733a353a2261646d696e223b757365725f746f6b656e7c733a34303a2234326462653466626630323434386632623339656164663834343232366665316434656531363264223b6964656e746974797c733a31393a2261646d696e406d79626f6e666972652e636f6d223b726f6c655f69647c733a313a2231223b6c6f676765645f696e7c623a313b6c616e67756167657c733a373a22656e676c697368223b),
('df6790c4e7ae923f5ed1fe793dce0efc6ef0377c', '::1', 1458059747, 0x5f5f63695f6c6173745f726567656e65726174657c693a313435383035393733393b7265717565737465645f706167657c733a37333a22687474703a2f2f6c6f63616c686f73742f7265656c62616e6b5f696e2f7075626c69632f696e6465782e7068702f61646d696e2f636f6e74656e742f636f6d70616e795f7573657273223b70726576696f75735f706167657c733a37333a22687474703a2f2f6c6f63616c686f73742f7265656c62616e6b5f696e2f7075626c69632f696e6465782e7068702f61646d696e2f636f6e74656e742f636f6d70616e795f7573657273223b757365725f69647c733a313a2231223b617574685f637573746f6d7c733a353a2261646d696e223b757365725f746f6b656e7c733a34303a2234326462653466626630323434386632623339656164663834343232366665316434656531363264223b6964656e746974797c733a31393a2261646d696e406d79626f6e666972652e636f6d223b726f6c655f69647c733a313a2231223b6c6f676765645f696e7c623a313b6c616e67756167657c733a373a22656e676c697368223b6d6573736167657c733a303a22223b5f5f63695f766172737c613a313a7b733a373a226d657373616765223b733a333a226e6577223b7d),
('e0c8b2ef2eaea92449e9d8d34e49bcb0dd1fa890', '::1', 1458092051, 0x5f5f63695f6c6173745f726567656e65726174657c693a313435383039313939353b7265717565737465645f706167657c733a36363a22687474703a2f2f6c6f63616c686f73742f7265656c62616e6b5f696e2f7075626c69632f696e6465782e7068702f61646d696e2f73657474696e67732f726f6c6573223b757365725f69647c733a313a2231223b617574685f637573746f6d7c733a353a2261646d696e223b757365725f746f6b656e7c733a34303a2234326462653466626630323434386632623339656164663834343232366665316434656531363264223b6964656e746974797c733a31393a2261646d696e406d79626f6e666972652e636f6d223b726f6c655f69647c733a313a2231223b6c6f676765645f696e7c623a313b6c616e67756167657c733a373a22656e676c697368223b70726576696f75735f706167657c733a36363a22687474703a2f2f6c6f63616c686f73742f7265656c62616e6b5f696e2f7075626c69632f696e6465782e7068702f61646d696e2f73657474696e67732f726f6c6573223b6d6573736167657c733a303a22223b5f5f63695f766172737c613a313a7b733a373a226d657373616765223b733a333a226e6577223b7d),
('e7fedc9fa8532349df2405c082447be0786b138a', '::1', 1458103865, 0x5f5f63695f6c6173745f726567656e65726174657c693a313435383130333835393b7265717565737465645f706167657c733a36363a22687474703a2f2f6c6f63616c686f73742f7265656c62616e6b5f696e2f7075626c69632f696e6465782e7068702f61646d696e2f73657474696e67732f7573657273223b757365725f69647c733a313a2231223b617574685f637573746f6d7c733a353a2261646d696e223b757365725f746f6b656e7c733a34303a2234326462653466626630323434386632623339656164663834343232366665316434656531363264223b6964656e746974797c733a31393a2261646d696e406d79626f6e666972652e636f6d223b726f6c655f69647c733a313a2231223b6c6f676765645f696e7c623a313b6c616e67756167657c733a373a22656e676c697368223b70726576696f75735f706167657c733a36363a22687474703a2f2f6c6f63616c686f73742f7265656c62616e6b5f696e2f7075626c69632f696e6465782e7068702f61646d696e2f73657474696e67732f7573657273223b),
('e824e31f4581a4c07d9edbce9e4c9ac098f9f3dd', '::1', 1458009543, 0x5f5f63695f6c6173745f726567656e65726174657c693a313435383030393238353b7265717565737465645f706167657c733a36393a22687474703a2f2f6c6f63616c686f73742f7265656c62616e6b5f696e2f7075626c69632f696e6465782e7068702f61646d696e2f646576656c6f7065722f6275696c646572223b70726576696f75735f706167657c733a36393a22687474703a2f2f6c6f63616c686f73742f7265656c62616e6b5f696e2f7075626c69632f696e6465782e7068702f61646d696e2f646576656c6f7065722f6275696c646572223b757365725f69647c733a313a2231223b617574685f637573746f6d7c733a353a2261646d696e223b757365725f746f6b656e7c733a34303a2234326462653466626630323434386632623339656164663834343232366665316434656531363264223b6964656e746974797c733a31393a2261646d696e406d79626f6e666972652e636f6d223b726f6c655f69647c733a313a2231223b6c6f676765645f696e7c623a313b6c616e67756167657c733a373a22656e676c697368223b),
('f108bcf1c1c1eb36fc5f266e152fc1a97a693886', '::1', 1457885726, 0x5f5f63695f6c6173745f726567656e65726174657c693a313435373838353537313b7265717565737465645f706167657c733a36363a22687474703a2f2f6c6f63616c686f73742f7265656c62616e6b5f696e2f7075626c69632f696e6465782e7068702f61646d696e2f73657474696e67732f726f6c6573223b757365725f69647c733a313a2231223b617574685f637573746f6d7c733a353a2261646d696e223b757365725f746f6b656e7c733a34303a2234326462653466626630323434386632623339656164663834343232366665316434656531363264223b6964656e746974797c733a31393a2261646d696e406d79626f6e666972652e636f6d223b726f6c655f69647c733a313a2231223b6c6f676765645f696e7c623a313b6c616e67756167657c733a373a22656e676c697368223b70726576696f75735f706167657c733a36363a22687474703a2f2f6c6f63616c686f73742f7265656c62616e6b5f696e2f7075626c69632f696e6465782e7068702f61646d696e2f73657474696e67732f726f6c6573223b),
('f2e2ff73b002c6929e616a32fb91784ddd15ad34', '::1', 1458037305, 0x5f5f63695f6c6173745f726567656e65726174657c693a313435383033373031363b7265717565737465645f706167657c733a37363a22687474703a2f2f6c6f63616c686f73742f7265656c62616e6b5f696e2f7075626c69632f696e6465782e7068702f61646d696e2f636f6e74656e742f636f6e646974696f6e2f637265617465223b70726576696f75735f706167657c733a37363a22687474703a2f2f6c6f63616c686f73742f7265656c62616e6b5f696e2f7075626c69632f696e6465782e7068702f61646d696e2f636f6e74656e742f636f6e646974696f6e2f637265617465223b757365725f69647c733a313a2231223b617574685f637573746f6d7c733a353a2261646d696e223b757365725f746f6b656e7c733a34303a2234326462653466626630323434386632623339656164663834343232366665316434656531363264223b6964656e746974797c733a31393a2261646d696e406d79626f6e666972652e636f6d223b726f6c655f69647c733a313a2231223b6c6f676765645f696e7c623a313b6c616e67756167657c733a373a22656e676c697368223b),
('f4d646adf2c8ace85be35fc2b0f0e7797677603c', '127.0.0.1', 1458103503, 0x5f5f63695f6c6173745f726567656e65726174657c693a313435383130333338323b7265717565737465645f706167657c733a37363a22687474703a2f2f6c6f63616c686f73742f7265656c62616e6b5f696e2f7075626c69632f696e6465782e7068702f61646d696e2f636f6e74656e742f696e71756972792f6372656174652f31223b70726576696f75735f706167657c733a37363a22687474703a2f2f6c6f63616c686f73742f7265656c62616e6b5f696e2f7075626c69632f696e6465782e7068702f61646d696e2f636f6e74656e742f696e71756972792f6372656174652f31223b757365725f69647c733a313a2232223b617574685f637573746f6d7c733a353a2272616d6b79223b757365725f746f6b656e7c733a34303a2231346131326434663037396632343837303461376533643230313565373639386436653933616336223b6964656e746974797c733a31393a2262726b726973686e6140676d61696c2e636f6d223b726f6c655f69647c733a313a2232223b6c6f676765645f696e7c623a313b6c616e67756167657c733a373a22656e676c697368223b),
('f7a41a3d5c70e3015e4ecac34b79867bab8b540b', '::1', 1458039510, 0x5f5f63695f6c6173745f726567656e65726174657c693a313435383033393330343b7265717565737465645f706167657c733a36363a22687474703a2f2f6c6f63616c686f73742f7265656c62616e6b5f696e2f7075626c69632f696e6465782e7068702f61646d696e2f73657474696e67732f7573657273223b70726576696f75735f706167657c733a36363a22687474703a2f2f6c6f63616c686f73742f7265656c62616e6b5f696e2f7075626c69632f696e6465782e7068702f61646d696e2f73657474696e67732f7573657273223b757365725f69647c733a313a2231223b617574685f637573746f6d7c733a353a2261646d696e223b757365725f746f6b656e7c733a34303a2234326462653466626630323434386632623339656164663834343232366665316434656531363264223b6964656e746974797c733a31393a2261646d696e406d79626f6e666972652e636f6d223b726f6c655f69647c733a313a2231223b6c6f676765645f696e7c623a313b6c616e67756167657c733a373a22656e676c697368223b),
('f7e5ed95985361d814c49e7d10111a87465d90a3', '::1', 1458047566, 0x5f5f63695f6c6173745f726567656e65726174657c693a313435383034373439373b7265717565737465645f706167657c733a37323a22687474703a2f2f6c6f63616c686f73742f7265656c62616e6b5f696e2f7075626c69632f696e6465782e7068702f61646d696e2f636f6e74656e742f6974656d732f637265617465223b70726576696f75735f706167657c733a37323a22687474703a2f2f6c6f63616c686f73742f7265656c62616e6b5f696e2f7075626c69632f696e6465782e7068702f61646d696e2f636f6e74656e742f6974656d732f637265617465223b757365725f69647c733a313a2231223b617574685f637573746f6d7c733a353a2261646d696e223b757365725f746f6b656e7c733a34303a2234326462653466626630323434386632623339656164663834343232366665316434656531363264223b6964656e746974797c733a31393a2261646d696e406d79626f6e666972652e636f6d223b726f6c655f69647c733a313a2231223b6c6f676765645f696e7c623a313b6c616e67756167657c733a373a22656e676c697368223b);

-- --------------------------------------------------------

--
-- Table structure for table `bf_company_users`
--

CREATE TABLE IF NOT EXISTS `bf_company_users` (
  `id` int(11) NOT NULL AUTO_INCREMENT,
  `profile` bigint(20) NOT NULL,
  `user` bigint(20) NOT NULL,
  `deleted` tinyint(1) NOT NULL DEFAULT '0',
  `deleted_by` bigint(20) DEFAULT NULL,
  `created_on` datetime NOT NULL DEFAULT '0000-00-00 00:00:00',
  `created_by` bigint(20) NOT NULL,
  `modified_on` datetime NOT NULL DEFAULT '0000-00-00 00:00:00',
  `modified_by` bigint(20) DEFAULT NULL,
  PRIMARY KEY (`id`)
) ENGINE=InnoDB  DEFAULT CHARSET=utf8 AUTO_INCREMENT=3 ;

--
-- Dumping data for table `bf_company_users`
--

INSERT INTO `bf_company_users` (`id`, `profile`, `user`, `deleted`, `deleted_by`, `created_on`, `created_by`, `modified_on`, `modified_by`) VALUES
(1, 1, 3, 0, NULL, '2016-03-15 22:05:47', 1, '0000-00-00 00:00:00', NULL),
(2, 2, 4, 0, NULL, '2016-03-15 23:14:57', 1, '0000-00-00 00:00:00', NULL);

-- --------------------------------------------------------

--
-- Table structure for table `bf_condition`
--

CREATE TABLE IF NOT EXISTS `bf_condition` (
  `id` int(11) NOT NULL AUTO_INCREMENT,
  `condition` varchar(255) NOT NULL,
  `deleted` tinyint(1) NOT NULL DEFAULT '0',
  `deleted_by` bigint(20) DEFAULT NULL,
  `created_on` datetime NOT NULL DEFAULT '0000-00-00 00:00:00',
  `created_by` bigint(20) NOT NULL,
  `modified_on` datetime NOT NULL DEFAULT '0000-00-00 00:00:00',
  `modified_by` bigint(20) DEFAULT NULL,
  PRIMARY KEY (`id`)
) ENGINE=InnoDB  DEFAULT CHARSET=utf8 AUTO_INCREMENT=7 ;

--
-- Dumping data for table `bf_condition`
--

INSERT INTO `bf_condition` (`id`, `condition`, `deleted`, `deleted_by`, `created_on`, `created_by`, `modified_on`, `modified_by`) VALUES
(1, 'Good', 0, NULL, '2016-03-15 15:51:40', 1, '0000-00-00 00:00:00', NULL),
(2, 'Very Good', 0, NULL, '2016-03-15 15:55:32', 1, '0000-00-00 00:00:00', NULL),
(3, 'Wet', 0, NULL, '2016-03-15 15:55:37', 1, '0000-00-00 00:00:00', NULL),
(4, 'Partly Spoilt', 0, NULL, '2016-03-15 15:56:16', 1, '0000-00-00 00:00:00', NULL),
(5, 'Bf Variation', 0, NULL, '2016-03-15 15:56:21', 1, '0000-00-00 00:00:00', NULL),
(6, 'Other', 0, NULL, '2016-03-15 15:56:28', 1, '0000-00-00 00:00:00', NULL);

-- --------------------------------------------------------

--
-- Table structure for table `bf_countries`
--

CREATE TABLE IF NOT EXISTS `bf_countries` (
  `iso` char(2) NOT NULL DEFAULT 'US',
  `name` varchar(80) NOT NULL,
  `printable_name` varchar(80) NOT NULL,
  `iso3` char(3) DEFAULT NULL,
  `numcode` smallint(6) DEFAULT NULL,
  PRIMARY KEY (`iso`)
) ENGINE=InnoDB DEFAULT CHARSET=utf8;

--
-- Dumping data for table `bf_countries`
--

INSERT INTO `bf_countries` (`iso`, `name`, `printable_name`, `iso3`, `numcode`) VALUES
('AD', 'ANDORRA', 'Andorra', 'AND', 20),
('AE', 'UNITED ARAB EMIRATES', 'United Arab Emirates', 'ARE', 784),
('AF', 'AFGHANISTAN', 'Afghanistan', 'AFG', 4),
('AG', 'ANTIGUA AND BARBUDA', 'Antigua and Barbuda', 'ATG', 28),
('AI', 'ANGUILLA', 'Anguilla', 'AIA', 660),
('AL', 'ALBANIA', 'Albania', 'ALB', 8),
('AM', 'ARMENIA', 'Armenia', 'ARM', 51),
('AN', 'NETHERLANDS ANTILLES', 'Netherlands Antilles', 'ANT', 530),
('AO', 'ANGOLA', 'Angola', 'AGO', 24),
('AQ', 'ANTARCTICA', 'Antarctica', NULL, NULL),
('AR', 'ARGENTINA', 'Argentina', 'ARG', 32),
('AS', 'AMERICAN SAMOA', 'American Samoa', 'ASM', 16),
('AT', 'AUSTRIA', 'Austria', 'AUT', 40),
('AU', 'AUSTRALIA', 'Australia', 'AUS', 36),
('AW', 'ARUBA', 'Aruba', 'ABW', 533),
('AZ', 'AZERBAIJAN', 'Azerbaijan', 'AZE', 31),
('BA', 'BOSNIA AND HERZEGOVINA', 'Bosnia and Herzegovina', 'BIH', 70),
('BB', 'BARBADOS', 'Barbados', 'BRB', 52),
('BD', 'BANGLADESH', 'Bangladesh', 'BGD', 50),
('BE', 'BELGIUM', 'Belgium', 'BEL', 56),
('BF', 'BURKINA FASO', 'Burkina Faso', 'BFA', 854),
('BG', 'BULGARIA', 'Bulgaria', 'BGR', 100),
('BH', 'BAHRAIN', 'Bahrain', 'BHR', 48),
('BI', 'BURUNDI', 'Burundi', 'BDI', 108),
('BJ', 'BENIN', 'Benin', 'BEN', 204),
('BM', 'BERMUDA', 'Bermuda', 'BMU', 60),
('BN', 'BRUNEI DARUSSALAM', 'Brunei Darussalam', 'BRN', 96),
('BO', 'BOLIVIA', 'Bolivia', 'BOL', 68),
('BR', 'BRAZIL', 'Brazil', 'BRA', 76),
('BS', 'BAHAMAS', 'Bahamas', 'BHS', 44),
('BT', 'BHUTAN', 'Bhutan', 'BTN', 64),
('BV', 'BOUVET ISLAND', 'Bouvet Island', NULL, NULL),
('BW', 'BOTSWANA', 'Botswana', 'BWA', 72),
('BY', 'BELARUS', 'Belarus', 'BLR', 112),
('BZ', 'BELIZE', 'Belize', 'BLZ', 84),
('CA', 'CANADA', 'Canada', 'CAN', 124),
('CC', 'COCOS (KEELING) ISLANDS', 'Cocos (Keeling) Islands', NULL, NULL),
('CD', 'CONGO, THE DEMOCRATIC REPUBLIC OF THE', 'Congo, the Democratic Republic of the', 'COD', 180),
('CF', 'CENTRAL AFRICAN REPUBLIC', 'Central African Republic', 'CAF', 140),
('CG', 'CONGO', 'Congo', 'COG', 178),
('CH', 'SWITZERLAND', 'Switzerland', 'CHE', 756),
('CI', 'COTE D''IVOIRE', 'Cote D''Ivoire', 'CIV', 384),
('CK', 'COOK ISLANDS', 'Cook Islands', 'COK', 184),
('CL', 'CHILE', 'Chile', 'CHL', 152),
('CM', 'CAMEROON', 'Cameroon', 'CMR', 120),
('CN', 'CHINA', 'China', 'CHN', 156),
('CO', 'COLOMBIA', 'Colombia', 'COL', 170),
('CR', 'COSTA RICA', 'Costa Rica', 'CRI', 188),
('CS', 'SERBIA AND MONTENEGRO', 'Serbia and Montenegro', NULL, NULL),
('CU', 'CUBA', 'Cuba', 'CUB', 192),
('CV', 'CAPE VERDE', 'Cape Verde', 'CPV', 132),
('CX', 'CHRISTMAS ISLAND', 'Christmas Island', NULL, NULL),
('CY', 'CYPRUS', 'Cyprus', 'CYP', 196),
('CZ', 'CZECH REPUBLIC', 'Czech Republic', 'CZE', 203),
('DE', 'GERMANY', 'Germany', 'DEU', 276),
('DJ', 'DJIBOUTI', 'Djibouti', 'DJI', 262),
('DK', 'DENMARK', 'Denmark', 'DNK', 208),
('DM', 'DOMINICA', 'Dominica', 'DMA', 212),
('DO', 'DOMINICAN REPUBLIC', 'Dominican Republic', 'DOM', 214),
('DZ', 'ALGERIA', 'Algeria', 'DZA', 12),
('EC', 'ECUADOR', 'Ecuador', 'ECU', 218),
('EE', 'ESTONIA', 'Estonia', 'EST', 233),
('EG', 'EGYPT', 'Egypt', 'EGY', 818),
('EH', 'WESTERN SAHARA', 'Western Sahara', 'ESH', 732),
('ER', 'ERITREA', 'Eritrea', 'ERI', 232),
('ES', 'SPAIN', 'Spain', 'ESP', 724),
('ET', 'ETHIOPIA', 'Ethiopia', 'ETH', 231),
('FI', 'FINLAND', 'Finland', 'FIN', 246),
('FJ', 'FIJI', 'Fiji', 'FJI', 242),
('FK', 'FALKLAND ISLANDS (MALVINAS)', 'Falkland Islands (Malvinas)', 'FLK', 238),
('FM', 'MICRONESIA, FEDERATED STATES OF', 'Micronesia, Federated States of', 'FSM', 583),
('FO', 'FAROE ISLANDS', 'Faroe Islands', 'FRO', 234),
('FR', 'FRANCE', 'France', 'FRA', 250),
('GA', 'GABON', 'Gabon', 'GAB', 266),
('GB', 'UNITED KINGDOM', 'United Kingdom', 'GBR', 826),
('GD', 'GRENADA', 'Grenada', 'GRD', 308),
('GE', 'GEORGIA', 'Georgia', 'GEO', 268),
('GF', 'FRENCH GUIANA', 'French Guiana', 'GUF', 254),
('GH', 'GHANA', 'Ghana', 'GHA', 288),
('GI', 'GIBRALTAR', 'Gibraltar', 'GIB', 292),
('GL', 'GREENLAND', 'Greenland', 'GRL', 304),
('GM', 'GAMBIA', 'Gambia', 'GMB', 270),
('GN', 'GUINEA', 'Guinea', 'GIN', 324),
('GP', 'GUADELOUPE', 'Guadeloupe', 'GLP', 312),
('GQ', 'EQUATORIAL GUINEA', 'Equatorial Guinea', 'GNQ', 226),
('GR', 'GREECE', 'Greece', 'GRC', 300),
('GS', 'SOUTH GEORGIA AND THE SOUTH SANDWICH ISLANDS', 'South Georgia and the South Sandwich Islands', NULL, NULL),
('GT', 'GUATEMALA', 'Guatemala', 'GTM', 320),
('GU', 'GUAM', 'Guam', 'GUM', 316),
('GW', 'GUINEA-BISSAU', 'Guinea-Bissau', 'GNB', 624),
('GY', 'GUYANA', 'Guyana', 'GUY', 328),
('HK', 'HONG KONG', 'Hong Kong', 'HKG', 344),
('HM', 'HEARD ISLAND AND MCDONALD ISLANDS', 'Heard Island and Mcdonald Islands', NULL, NULL),
('HN', 'HONDURAS', 'Honduras', 'HND', 340),
('HR', 'CROATIA', 'Croatia', 'HRV', 191),
('HT', 'HAITI', 'Haiti', 'HTI', 332),
('HU', 'HUNGARY', 'Hungary', 'HUN', 348),
('ID', 'INDONESIA', 'Indonesia', 'IDN', 360),
('IE', 'IRELAND', 'Ireland', 'IRL', 372),
('IL', 'ISRAEL', 'Israel', 'ISR', 376),
('IN', 'INDIA', 'India', 'IND', 356),
('IO', 'BRITISH INDIAN OCEAN TERRITORY', 'British Indian Ocean Territory', NULL, NULL),
('IQ', 'IRAQ', 'Iraq', 'IRQ', 368),
('IR', 'IRAN, ISLAMIC REPUBLIC OF', 'Iran, Islamic Republic of', 'IRN', 364),
('IS', 'ICELAND', 'Iceland', 'ISL', 352),
('IT', 'ITALY', 'Italy', 'ITA', 380),
('JM', 'JAMAICA', 'Jamaica', 'JAM', 388),
('JO', 'JORDAN', 'Jordan', 'JOR', 400),
('JP', 'JAPAN', 'Japan', 'JPN', 392),
('KE', 'KENYA', 'Kenya', 'KEN', 404),
('KG', 'KYRGYZSTAN', 'Kyrgyzstan', 'KGZ', 417),
('KH', 'CAMBODIA', 'Cambodia', 'KHM', 116),
('KI', 'KIRIBATI', 'Kiribati', 'KIR', 296),
('KM', 'COMOROS', 'Comoros', 'COM', 174),
('KN', 'SAINT KITTS AND NEVIS', 'Saint Kitts and Nevis', 'KNA', 659),
('KP', 'KOREA, DEMOCRATIC PEOPLE''S REPUBLIC OF', 'Korea, Democratic People''s Republic of', 'PRK', 408),
('KR', 'KOREA, REPUBLIC OF', 'Korea, Republic of', 'KOR', 410),
('KW', 'KUWAIT', 'Kuwait', 'KWT', 414),
('KY', 'CAYMAN ISLANDS', 'Cayman Islands', 'CYM', 136),
('KZ', 'KAZAKHSTAN', 'Kazakhstan', 'KAZ', 398),
('LA', 'LAO PEOPLE''S DEMOCRATIC REPUBLIC', 'Lao People''s Democratic Republic', 'LAO', 418),
('LB', 'LEBANON', 'Lebanon', 'LBN', 422),
('LC', 'SAINT LUCIA', 'Saint Lucia', 'LCA', 662),
('LI', 'LIECHTENSTEIN', 'Liechtenstein', 'LIE', 438),
('LK', 'SRI LANKA', 'Sri Lanka', 'LKA', 144),
('LR', 'LIBERIA', 'Liberia', 'LBR', 430),
('LS', 'LESOTHO', 'Lesotho', 'LSO', 426),
('LT', 'LITHUANIA', 'Lithuania', 'LTU', 440),
('LU', 'LUXEMBOURG', 'Luxembourg', 'LUX', 442),
('LV', 'LATVIA', 'Latvia', 'LVA', 428),
('LY', 'LIBYAN ARAB JAMAHIRIYA', 'Libyan Arab Jamahiriya', 'LBY', 434),
('MA', 'MOROCCO', 'Morocco', 'MAR', 504),
('MC', 'MONACO', 'Monaco', 'MCO', 492),
('MD', 'MOLDOVA, REPUBLIC OF', 'Moldova, Republic of', 'MDA', 498),
('MG', 'MADAGASCAR', 'Madagascar', 'MDG', 450),
('MH', 'MARSHALL ISLANDS', 'Marshall Islands', 'MHL', 584),
('MK', 'MACEDONIA, THE FORMER YUGOSLAV REPUBLIC OF', 'Macedonia, the Former Yugoslav Republic of', 'MKD', 807),
('ML', 'MALI', 'Mali', 'MLI', 466),
('MM', 'MYANMAR', 'Myanmar', 'MMR', 104),
('MN', 'MONGOLIA', 'Mongolia', 'MNG', 496),
('MO', 'MACAO', 'Macao', 'MAC', 446),
('MP', 'NORTHERN MARIANA ISLANDS', 'Northern Mariana Islands', 'MNP', 580),
('MQ', 'MARTINIQUE', 'Martinique', 'MTQ', 474),
('MR', 'MAURITANIA', 'Mauritania', 'MRT', 478),
('MS', 'MONTSERRAT', 'Montserrat', 'MSR', 500),
('MT', 'MALTA', 'Malta', 'MLT', 470),
('MU', 'MAURITIUS', 'Mauritius', 'MUS', 480),
('MV', 'MALDIVES', 'Maldives', 'MDV', 462),
('MW', 'MALAWI', 'Malawi', 'MWI', 454),
('MX', 'MEXICO', 'Mexico', 'MEX', 484),
('MY', 'MALAYSIA', 'Malaysia', 'MYS', 458),
('MZ', 'MOZAMBIQUE', 'Mozambique', 'MOZ', 508),
('NA', 'NAMIBIA', 'Namibia', 'NAM', 516),
('NC', 'NEW CALEDONIA', 'New Caledonia', 'NCL', 540),
('NE', 'NIGER', 'Niger', 'NER', 562),
('NF', 'NORFOLK ISLAND', 'Norfolk Island', 'NFK', 574),
('NG', 'NIGERIA', 'Nigeria', 'NGA', 566),
('NI', 'NICARAGUA', 'Nicaragua', 'NIC', 558),
('NL', 'NETHERLANDS', 'Netherlands', 'NLD', 528),
('NO', 'NORWAY', 'Norway', 'NOR', 578),
('NP', 'NEPAL', 'Nepal', 'NPL', 524),
('NR', 'NAURU', 'Nauru', 'NRU', 520),
('NU', 'NIUE', 'Niue', 'NIU', 570),
('NZ', 'NEW ZEALAND', 'New Zealand', 'NZL', 554),
('OM', 'OMAN', 'Oman', 'OMN', 512),
('PA', 'PANAMA', 'Panama', 'PAN', 591),
('PE', 'PERU', 'Peru', 'PER', 604),
('PF', 'FRENCH POLYNESIA', 'French Polynesia', 'PYF', 258),
('PG', 'PAPUA NEW GUINEA', 'Papua New Guinea', 'PNG', 598),
('PH', 'PHILIPPINES', 'Philippines', 'PHL', 608),
('PK', 'PAKISTAN', 'Pakistan', 'PAK', 586),
('PL', 'POLAND', 'Poland', 'POL', 616),
('PM', 'SAINT PIERRE AND MIQUELON', 'Saint Pierre and Miquelon', 'SPM', 666),
('PN', 'PITCAIRN', 'Pitcairn', 'PCN', 612),
('PR', 'PUERTO RICO', 'Puerto Rico', 'PRI', 630),
('PS', 'PALESTINIAN TERRITORY, OCCUPIED', 'Palestinian Territory, Occupied', NULL, NULL),
('PT', 'PORTUGAL', 'Portugal', 'PRT', 620),
('PW', 'PALAU', 'Palau', 'PLW', 585),
('PY', 'PARAGUAY', 'Paraguay', 'PRY', 600),
('QA', 'QATAR', 'Qatar', 'QAT', 634),
('RE', 'REUNION', 'Reunion', 'REU', 638),
('RO', 'ROMANIA', 'Romania', 'ROM', 642),
('RU', 'RUSSIAN FEDERATION', 'Russian Federation', 'RUS', 643),
('RW', 'RWANDA', 'Rwanda', 'RWA', 646),
('SA', 'SAUDI ARABIA', 'Saudi Arabia', 'SAU', 682),
('SB', 'SOLOMON ISLANDS', 'Solomon Islands', 'SLB', 90),
('SC', 'SEYCHELLES', 'Seychelles', 'SYC', 690),
('SD', 'SUDAN', 'Sudan', 'SDN', 736),
('SE', 'SWEDEN', 'Sweden', 'SWE', 752),
('SG', 'SINGAPORE', 'Singapore', 'SGP', 702),
('SH', 'SAINT HELENA', 'Saint Helena', 'SHN', 654),
('SI', 'SLOVENIA', 'Slovenia', 'SVN', 705),
('SJ', 'SVALBARD AND JAN MAYEN', 'Svalbard and Jan Mayen', 'SJM', 744),
('SK', 'SLOVAKIA', 'Slovakia', 'SVK', 703),
('SL', 'SIERRA LEONE', 'Sierra Leone', 'SLE', 694),
('SM', 'SAN MARINO', 'San Marino', 'SMR', 674),
('SN', 'SENEGAL', 'Senegal', 'SEN', 686),
('SO', 'SOMALIA', 'Somalia', 'SOM', 706),
('SR', 'SURINAME', 'Suriname', 'SUR', 740),
('ST', 'SAO TOME AND PRINCIPE', 'Sao Tome and Principe', 'STP', 678),
('SV', 'EL SALVADOR', 'El Salvador', 'SLV', 222),
('SY', 'SYRIAN ARAB REPUBLIC', 'Syrian Arab Republic', 'SYR', 760),
('SZ', 'SWAZILAND', 'Swaziland', 'SWZ', 748),
('TC', 'TURKS AND CAICOS ISLANDS', 'Turks and Caicos Islands', 'TCA', 796),
('TD', 'CHAD', 'Chad', 'TCD', 148),
('TF', 'FRENCH SOUTHERN TERRITORIES', 'French Southern Territories', NULL, NULL),
('TG', 'TOGO', 'Togo', 'TGO', 768),
('TH', 'THAILAND', 'Thailand', 'THA', 764),
('TJ', 'TAJIKISTAN', 'Tajikistan', 'TJK', 762),
('TK', 'TOKELAU', 'Tokelau', 'TKL', 772),
('TL', 'TIMOR-LESTE', 'Timor-Leste', NULL, NULL),
('TM', 'TURKMENISTAN', 'Turkmenistan', 'TKM', 795),
('TN', 'TUNISIA', 'Tunisia', 'TUN', 788),
('TO', 'TONGA', 'Tonga', 'TON', 776),
('TR', 'TURKEY', 'Turkey', 'TUR', 792),
('TT', 'TRINIDAD AND TOBAGO', 'Trinidad and Tobago', 'TTO', 780),
('TV', 'TUVALU', 'Tuvalu', 'TUV', 798),
('TW', 'TAIWAN, PROVINCE OF CHINA', 'Taiwan, Province of China', 'TWN', 158),
('TZ', 'TANZANIA, UNITED REPUBLIC OF', 'Tanzania, United Republic of', 'TZA', 834),
('UA', 'UKRAINE', 'Ukraine', 'UKR', 804),
('UG', 'UGANDA', 'Uganda', 'UGA', 800),
('UM', 'UNITED STATES MINOR OUTLYING ISLANDS', 'United States Minor Outlying Islands', NULL, NULL),
('US', 'UNITED STATES', 'United States', 'USA', 840),
('UY', 'URUGUAY', 'Uruguay', 'URY', 858),
('UZ', 'UZBEKISTAN', 'Uzbekistan', 'UZB', 860),
('VA', 'HOLY SEE (VATICAN CITY STATE)', 'Holy See (Vatican City State)', 'VAT', 336),
('VC', 'SAINT VINCENT AND THE GRENADINES', 'Saint Vincent and the Grenadines', 'VCT', 670),
('VE', 'VENEZUELA', 'Venezuela', 'VEN', 862),
('VG', 'VIRGIN ISLANDS, BRITISH', 'Virgin Islands, British', 'VGB', 92),
('VI', 'VIRGIN ISLANDS, U.S.', 'Virgin Islands, U.s.', 'VIR', 850),
('VN', 'VIET NAM', 'Viet Nam', 'VNM', 704),
('VU', 'VANUATU', 'Vanuatu', 'VUT', 548),
('WF', 'WALLIS AND FUTUNA', 'Wallis and Futuna', 'WLF', 876),
('WS', 'SAMOA', 'Samoa', 'WSM', 882),
('YE', 'YEMEN', 'Yemen', 'YEM', 887),
('YT', 'MAYOTTE', 'Mayotte', NULL, NULL),
('ZA', 'SOUTH AFRICA', 'South Africa', 'ZAF', 710),
('ZM', 'ZAMBIA', 'Zambia', 'ZMB', 894),
('ZW', 'ZIMBABWE', 'Zimbabwe', 'ZWE', 716);

-- --------------------------------------------------------

--
-- Table structure for table `bf_email_queue`
--

CREATE TABLE IF NOT EXISTS `bf_email_queue` (
  `id` int(11) NOT NULL AUTO_INCREMENT,
  `to_email` varchar(254) NOT NULL,
  `subject` varchar(255) NOT NULL,
  `message` text NOT NULL,
  `alt_message` text,
  `max_attempts` int(11) NOT NULL DEFAULT '3',
  `attempts` int(11) NOT NULL DEFAULT '0',
  `success` tinyint(1) NOT NULL DEFAULT '0',
  `date_published` datetime DEFAULT NULL,
  `last_attempt` datetime DEFAULT NULL,
  `date_sent` datetime DEFAULT NULL,
  `csv_attachment` text,
  PRIMARY KEY (`id`)
) ENGINE=InnoDB DEFAULT CHARSET=utf8 AUTO_INCREMENT=1 ;

-- --------------------------------------------------------

--
-- Table structure for table `bf_gsm`
--

CREATE TABLE IF NOT EXISTS `bf_gsm` (
  `id` int(11) NOT NULL AUTO_INCREMENT,
  `gsm` varchar(255) NOT NULL,
  `deleted` tinyint(1) NOT NULL DEFAULT '0',
  `deleted_by` bigint(20) DEFAULT NULL,
  `created_on` datetime NOT NULL DEFAULT '0000-00-00 00:00:00',
  `created_by` bigint(20) NOT NULL,
  `modified_on` datetime NOT NULL DEFAULT '0000-00-00 00:00:00',
  `modified_by` bigint(20) DEFAULT NULL,
  PRIMARY KEY (`id`)
) ENGINE=InnoDB  DEFAULT CHARSET=utf8 AUTO_INCREMENT=12 ;

--
-- Dumping data for table `bf_gsm`
--

INSERT INTO `bf_gsm` (`id`, `gsm`, `deleted`, `deleted_by`, `created_on`, `created_by`, `modified_on`, `modified_by`) VALUES
(1, '70', 0, NULL, '2016-03-15 15:43:23', 1, '0000-00-00 00:00:00', NULL),
(2, '75', 0, NULL, '2016-03-15 15:43:27', 1, '0000-00-00 00:00:00', NULL),
(3, '80', 0, NULL, '2016-03-15 15:43:31', 1, '0000-00-00 00:00:00', NULL),
(4, '85', 0, NULL, '2016-03-15 15:43:34', 1, '0000-00-00 00:00:00', NULL),
(5, '90', 0, NULL, '2016-03-15 15:43:37', 1, '0000-00-00 00:00:00', NULL),
(6, '95', 0, NULL, '2016-03-15 15:43:41', 1, '0000-00-00 00:00:00', NULL),
(7, '100', 0, NULL, '2016-03-15 15:43:44', 1, '0000-00-00 00:00:00', NULL),
(8, '110', 0, NULL, '2016-03-15 15:43:53', 1, '0000-00-00 00:00:00', NULL),
(9, '120', 0, NULL, '2016-03-15 15:45:01', 1, '0000-00-00 00:00:00', NULL),
(10, '130', 0, NULL, '2016-03-15 15:45:04', 1, '0000-00-00 00:00:00', NULL),
(11, '140', 0, NULL, '2016-03-15 15:45:08', 1, '0000-00-00 00:00:00', NULL);

-- --------------------------------------------------------

--
-- Table structure for table `bf_inquiry`
--

CREATE TABLE IF NOT EXISTS `bf_inquiry` (
  `id` int(11) NOT NULL AUTO_INCREMENT,
  `item_id` bigint(20) NOT NULL,
  `comments` text,
  `profile_id` bigint(20) NOT NULL,
  `deleted` tinyint(1) NOT NULL DEFAULT '0',
  `deleted_by` bigint(20) DEFAULT NULL,
  `created_on` datetime NOT NULL DEFAULT '0000-00-00 00:00:00',
  `created_by` bigint(20) NOT NULL,
  `modified_on` datetime NOT NULL DEFAULT '0000-00-00 00:00:00',
  `modified_by` bigint(20) DEFAULT NULL,
  PRIMARY KEY (`id`)
) ENGINE=InnoDB  DEFAULT CHARSET=utf8 AUTO_INCREMENT=2 ;

--
-- Dumping data for table `bf_inquiry`
--

INSERT INTO `bf_inquiry` (`id`, `item_id`, `comments`, `profile_id`, `deleted`, `deleted_by`, `created_on`, `created_by`, `modified_on`, `modified_by`) VALUES
(1, 3, 'Need by 23 august', 1, 0, NULL, '2016-03-16 10:41:28', 3, '0000-00-00 00:00:00', NULL);

-- --------------------------------------------------------

--
-- Table structure for table `bf_items`
--

CREATE TABLE IF NOT EXISTS `bf_items` (
  `id` int(11) NOT NULL AUTO_INCREMENT,
  `profile` int(11) NOT NULL,
  `strength` varchar(255) NOT NULL,
  `gsm` varchar(255) NOT NULL,
  `decal` varchar(10) DEFAULT NULL,
  `weight` varchar(255) DEFAULT NULL,
  `type` varchar(255) DEFAULT NULL,
  `mill_name` varchar(255) DEFAULT NULL,
  `condition` varchar(255) DEFAULT NULL,
  `qty` decimal(15,2) DEFAULT NULL,
  `orig_qty` decimal(15,2) DEFAULT NULL,
  `remarks` text,
  `deleted` tinyint(1) NOT NULL DEFAULT '0',
  `deleted_by` bigint(20) DEFAULT NULL,
  `created_on` datetime NOT NULL DEFAULT '0000-00-00 00:00:00',
  `created_by` bigint(20) NOT NULL,
  `modified_on` datetime NOT NULL DEFAULT '0000-00-00 00:00:00',
  `modified_by` bigint(20) DEFAULT NULL,
  PRIMARY KEY (`id`)
) ENGINE=InnoDB  DEFAULT CHARSET=utf8 AUTO_INCREMENT=6 ;

--
-- Dumping data for table `bf_items`
--

INSERT INTO `bf_items` (`id`, `profile`, `strength`, `gsm`, `decal`, `weight`, `type`, `mill_name`, `condition`, `qty`, `orig_qty`, `remarks`, `deleted`, `deleted_by`, `created_on`, `created_by`, `modified_on`, `modified_by`) VALUES
(1, 1, '1', '1', '50', '5', '1', 'MK mill', '1', 23.00, 25.26, 'This is for testing2 3', 0, NULL, '2016-03-15 23:21:03', 2, '2016-03-15 23:29:14', 2),
(2, 2, '3', '3', '50', '20', '1', 'AK Mill', '2', 25.00, 25.00, 'This is also for testing', 0, NULL, '2016-03-15 23:37:51', 2, '0000-00-00 00:00:00', NULL),
(3, 1, '1', '2', '40', '', '1', '', '1', 25.00, 15.00, 'Saving another one', 0, NULL, '2016-03-15 23:43:36', 2, '0000-00-00 00:00:00', NULL),
(4, 2, '11', '4', '55', '20', '1', '', '1', 23.00, 23.00, 'Arihant record 2', 0, NULL, '2016-03-15 23:44:42', 2, '0000-00-00 00:00:00', NULL),
(5, 2, '9', '3', '40', '5', '1', '', '3', 0.00, 25.00, 'Zero qty', 0, NULL, '2016-03-15 23:45:23', 2, '0000-00-00 00:00:00', NULL);

-- --------------------------------------------------------

--
-- Table structure for table `bf_login_attempts`
--

CREATE TABLE IF NOT EXISTS `bf_login_attempts` (
  `id` bigint(20) NOT NULL AUTO_INCREMENT,
  `ip_address` varchar(45) NOT NULL,
  `login` varchar(255) NOT NULL,
  `time` timestamp NOT NULL DEFAULT CURRENT_TIMESTAMP,
  PRIMARY KEY (`id`)
) ENGINE=InnoDB DEFAULT CHARSET=utf8 AUTO_INCREMENT=1 ;

-- --------------------------------------------------------

--
-- Table structure for table `bf_permissions`
--

CREATE TABLE IF NOT EXISTS `bf_permissions` (
  `permission_id` int(11) NOT NULL AUTO_INCREMENT,
  `name` varchar(255) NOT NULL,
  `description` varchar(100) NOT NULL,
  `status` enum('active','inactive','deleted') NOT NULL DEFAULT 'active',
  PRIMARY KEY (`permission_id`)
) ENGINE=InnoDB  DEFAULT CHARSET=utf8 AUTO_INCREMENT=82 ;

--
-- Dumping data for table `bf_permissions`
--

INSERT INTO `bf_permissions` (`permission_id`, `name`, `description`, `status`) VALUES
(2, 'Site.Content.View', 'Allow users to view the Content Context', 'active'),
(3, 'Site.Reports.View', 'Allow users to view the Reports Context', 'active'),
(4, 'Site.Settings.View', 'Allow users to view the Settings Context', 'active'),
(5, 'Site.Developer.View', 'Allow users to view the Developer Context', 'active'),
(6, 'Bonfire.Roles.Manage', 'Allow users to manage the user Roles', 'active'),
(7, 'Bonfire.Users.Manage', 'Allow users to manage the site Users', 'active'),
(8, 'Bonfire.Users.View', 'Allow users access to the User Settings', 'active'),
(9, 'Bonfire.Users.Add', 'Allow users to add new Users', 'active'),
(10, 'Bonfire.Database.Manage', 'Allow users to manage the Database settings', 'active'),
(11, 'Bonfire.Emailer.Manage', 'Allow users to manage the Emailer settings', 'active'),
(12, 'Bonfire.Logs.View', 'Allow users access to the Log details', 'active'),
(13, 'Bonfire.Logs.Manage', 'Allow users to manage the Log files', 'active'),
(14, 'Bonfire.Emailer.View', 'Allow users access to the Emailer settings', 'active'),
(15, 'Site.Signin.Offline', 'Allow users to login to the site when the site is offline', 'active'),
(16, 'Bonfire.Permissions.View', 'Allow access to view the Permissions menu unders Settings Context', 'active'),
(17, 'Bonfire.Permissions.Manage', 'Allow access to manage the Permissions in the system', 'active'),
(18, 'Bonfire.Modules.Add', 'Allow creation of modules with the builder.', 'active'),
(19, 'Bonfire.Modules.Delete', 'Allow deletion of modules.', 'active'),
(20, 'Permissions.Administrator.Manage', 'To manage the access control permissions for the Administrator role.', 'active'),
(21, 'Permissions.Editor.Manage', 'To manage the access control permissions for the Editor role.', 'active'),
(23, 'Permissions.User.Manage', 'To manage the access control permissions for the User role.', 'active'),
(24, 'Permissions.Developer.Manage', 'To manage the access control permissions for the Developer role.', 'active'),
(26, 'Activities.Own.View', 'To view the users own activity logs', 'active'),
(27, 'Activities.Own.Delete', 'To delete the users own activity logs', 'active'),
(28, 'Activities.User.View', 'To view the user activity logs', 'active'),
(29, 'Activities.User.Delete', 'To delete the user activity logs, except own', 'active'),
(30, 'Activities.Module.View', 'To view the module activity logs', 'active'),
(31, 'Activities.Module.Delete', 'To delete the module activity logs', 'active'),
(32, 'Activities.Date.View', 'To view the users own activity logs', 'active'),
(33, 'Activities.Date.Delete', 'To delete the dated activity logs', 'active'),
(34, 'Bonfire.UI.Manage', 'Manage the Bonfire UI settings', 'active'),
(35, 'Bonfire.Settings.View', 'To view the site settings page.', 'active'),
(36, 'Bonfire.Settings.Manage', 'To manage the site settings.', 'active'),
(37, 'Bonfire.Activities.View', 'To view the Activities menu.', 'active'),
(38, 'Bonfire.Database.View', 'To view the Database menu.', 'active'),
(39, 'Bonfire.Migrations.View', 'To view the Migrations menu.', 'active'),
(40, 'Bonfire.Builder.View', 'To view the Modulebuilder menu.', 'active'),
(41, 'Bonfire.Roles.View', 'To view the Roles menu.', 'active'),
(42, 'Bonfire.Sysinfo.View', 'To view the System Information page.', 'active'),
(43, 'Bonfire.Translate.Manage', 'To manage the Language Translation.', 'active'),
(44, 'Bonfire.Translate.View', 'To view the Language Translate menu.', 'active'),
(45, 'Bonfire.UI.View', 'To view the UI/Keyboard Shortcut menu.', 'active'),
(48, 'Bonfire.Profiler.View', 'To view the Console Profiler Bar.', 'active'),
(49, 'Bonfire.Roles.Add', 'To add New Roles', 'active'),
(50, 'Bursting_strength.Content.View', 'View Bursting_strength Content', 'active'),
(51, 'Bursting_strength.Content.Create', 'Create Bursting_strength Content', 'active'),
(52, 'Bursting_strength.Content.Edit', 'Edit Bursting_strength Content', 'active'),
(53, 'Bursting_strength.Content.Delete', 'Delete Bursting_strength Content', 'active'),
(54, 'Gsm.Content.View', 'View Gsm Content', 'active'),
(55, 'Gsm.Content.Create', 'Create Gsm Content', 'active'),
(56, 'Gsm.Content.Edit', 'Edit Gsm Content', 'active'),
(57, 'Gsm.Content.Delete', 'Delete Gsm Content', 'active'),
(58, 'Specific_type.Content.View', 'View Specific_type Content', 'active'),
(59, 'Specific_type.Content.Create', 'Create Specific_type Content', 'active'),
(60, 'Specific_type.Content.Edit', 'Edit Specific_type Content', 'active'),
(61, 'Specific_type.Content.Delete', 'Delete Specific_type Content', 'active'),
(62, 'Condition.Content.View', 'View Condition Content', 'active'),
(63, 'Condition.Content.Create', 'Create Condition Content', 'active'),
(64, 'Condition.Content.Edit', 'Edit Condition Content', 'active'),
(65, 'Condition.Content.Delete', 'Delete Condition Content', 'active'),
(66, 'Profile.Content.View', 'View Profile Content', 'active'),
(67, 'Profile.Content.Create', 'Create Profile Content', 'active'),
(68, 'Profile.Content.Edit', 'Edit Profile Content', 'active'),
(69, 'Profile.Content.Delete', 'Delete Profile Content', 'active'),
(70, 'Items.Content.View', 'View Items Content', 'active'),
(71, 'Items.Content.Create', 'Create Items Content', 'active'),
(72, 'Items.Content.Edit', 'Edit Items Content', 'active'),
(73, 'Items.Content.Delete', 'Delete Items Content', 'active'),
(74, 'Company_users.Content.View', 'View Company_users Content', 'active'),
(75, 'Company_users.Content.Create', 'Create Company_users Content', 'active'),
(76, 'Company_users.Content.Edit', 'Edit Company_users Content', 'active'),
(77, 'Company_users.Content.Delete', 'Delete Company_users Content', 'active'),
(78, 'Inquiry.Content.View', 'View Inquiry Content', 'active'),
(79, 'Inquiry.Content.Create', 'Create Inquiry Content', 'active'),
(80, 'Inquiry.Content.Edit', 'Edit Inquiry Content', 'active'),
(81, 'Inquiry.Content.Delete', 'Delete Inquiry Content', 'active');

-- --------------------------------------------------------

--
-- Table structure for table `bf_profile`
--

CREATE TABLE IF NOT EXISTS `bf_profile` (
  `id` int(11) NOT NULL AUTO_INCREMENT,
  `name` varchar(255) NOT NULL,
  `contact` varchar(255) NOT NULL,
  `phone` varchar(255) NOT NULL,
  `website` varchar(255) DEFAULT NULL,
  `email` varchar(255) DEFAULT NULL,
  `pan` varchar(50) DEFAULT NULL,
  `tin` varchar(255) DEFAULT NULL,
  `excise_nbr` varchar(255) DEFAULT NULL,
  `deleted` tinyint(1) NOT NULL DEFAULT '0',
  `deleted_by` bigint(20) DEFAULT NULL,
  `created_on` datetime NOT NULL DEFAULT '0000-00-00 00:00:00',
  `created_by` bigint(20) NOT NULL,
  `modified_on` datetime NOT NULL DEFAULT '0000-00-00 00:00:00',
  `modified_by` bigint(20) DEFAULT NULL,
  PRIMARY KEY (`id`)
) ENGINE=InnoDB  DEFAULT CHARSET=utf8 AUTO_INCREMENT=3 ;

--
-- Dumping data for table `bf_profile`
--

INSERT INTO `bf_profile` (`id`, `name`, `contact`, `phone`, `website`, `email`, `pan`, `tin`, `excise_nbr`, `deleted`, `deleted_by`, `created_on`, `created_by`, `modified_on`, `modified_by`) VALUES
(1, 'Mukund Packaging', 'Ankur Gupta', '9989018129', '', 'ankur@mukundpackaging.com', '', '1234', '', 0, NULL, '2016-03-15 16:22:30', 1, '2016-03-15 21:30:20', 2),
(2, 'Arihant Packing', 'Arihant', '9866722247', '', '', '', '', '', 0, NULL, '2016-03-15 23:12:20', 1, '0000-00-00 00:00:00', NULL);

-- --------------------------------------------------------

--
-- Table structure for table `bf_roles`
--

CREATE TABLE IF NOT EXISTS `bf_roles` (
  `role_id` int(11) NOT NULL AUTO_INCREMENT,
  `role_name` varchar(60) NOT NULL,
  `description` varchar(255) DEFAULT NULL,
  `default` tinyint(1) NOT NULL DEFAULT '0',
  `can_delete` tinyint(1) NOT NULL DEFAULT '1',
  `login_destination` varchar(255) NOT NULL DEFAULT '/',
  `default_context` varchar(255) DEFAULT 'content',
  `deleted` int(1) NOT NULL DEFAULT '0',
  PRIMARY KEY (`role_id`)
) ENGINE=InnoDB  DEFAULT CHARSET=utf8 AUTO_INCREMENT=7 ;

--
-- Dumping data for table `bf_roles`
--

INSERT INTO `bf_roles` (`role_id`, `role_name`, `description`, `default`, `can_delete`, `login_destination`, `default_context`, `deleted`) VALUES
(1, 'Administrator', 'Has full control over every aspect of the site.', 0, 0, '', 'content', 0),
(2, 'Editor', 'Can handle day-to-day management, but does not have full power.', 0, 1, '', 'content', 0),
(4, 'User', 'This is the default user with access to login.', 1, 0, '', 'content', 0),
(6, 'Developer', 'Developers typically are the only ones that can access the developer tools. Otherwise identical to Administrators, at least until the site is handed off.', 0, 1, '', 'content', 0);

-- --------------------------------------------------------

--
-- Table structure for table `bf_role_permissions`
--

CREATE TABLE IF NOT EXISTS `bf_role_permissions` (
  `role_id` int(11) NOT NULL,
  `permission_id` int(11) NOT NULL,
  PRIMARY KEY (`role_id`,`permission_id`)
) ENGINE=InnoDB DEFAULT CHARSET=utf8;

--
-- Dumping data for table `bf_role_permissions`
--

INSERT INTO `bf_role_permissions` (`role_id`, `permission_id`) VALUES
(1, 2),
(1, 3),
(1, 4),
(1, 5),
(1, 6),
(1, 7),
(1, 8),
(1, 9),
(1, 10),
(1, 11),
(1, 12),
(1, 13),
(1, 14),
(1, 15),
(1, 16),
(1, 17),
(1, 18),
(1, 19),
(1, 20),
(1, 21),
(1, 23),
(1, 24),
(1, 26),
(1, 27),
(1, 28),
(1, 29),
(1, 30),
(1, 31),
(1, 32),
(1, 33),
(1, 34),
(1, 35),
(1, 36),
(1, 37),
(1, 38),
(1, 39),
(1, 40),
(1, 41),
(1, 42),
(1, 43),
(1, 44),
(1, 45),
(1, 48),
(1, 49),
(1, 50),
(1, 51),
(1, 52),
(1, 53),
(1, 54),
(1, 55),
(1, 56),
(1, 57),
(1, 58),
(1, 59),
(1, 60),
(1, 61),
(1, 62),
(1, 63),
(1, 64),
(1, 65),
(1, 66),
(1, 67),
(1, 68),
(1, 69),
(1, 70),
(1, 71),
(1, 72),
(1, 73),
(1, 74),
(1, 75),
(1, 76),
(1, 77),
(1, 78),
(1, 79),
(1, 80),
(1, 81),
(2, 2),
(2, 50),
(2, 51),
(2, 52),
(2, 54),
(2, 55),
(2, 56),
(2, 58),
(2, 59),
(2, 60),
(2, 62),
(2, 63),
(2, 64),
(2, 66),
(2, 67),
(2, 68),
(2, 70),
(2, 71),
(2, 72),
(2, 73),
(2, 74),
(2, 75),
(2, 76),
(2, 78),
(2, 79),
(2, 80),
(2, 81),
(4, 2),
(4, 66),
(4, 67),
(4, 68),
(4, 70),
(4, 71),
(4, 72),
(4, 78),
(4, 79),
(4, 80),
(4, 81),
(6, 2),
(6, 3),
(6, 4),
(6, 5),
(6, 6),
(6, 7),
(6, 8),
(6, 9),
(6, 10),
(6, 11),
(6, 12),
(6, 13),
(6, 48);

-- --------------------------------------------------------

--
-- Table structure for table `bf_schema_version`
--

CREATE TABLE IF NOT EXISTS `bf_schema_version` (
  `type` varchar(40) NOT NULL,
  `version` int(4) NOT NULL DEFAULT '0',
  PRIMARY KEY (`type`)
) ENGINE=InnoDB DEFAULT CHARSET=utf8;

--
-- Dumping data for table `bf_schema_version`
--

INSERT INTO `bf_schema_version` (`type`, `version`) VALUES
('bursting_strength_', 2),
('company_users_', 2),
('condition_', 2),
('core', 43),
('gsm_', 2),
('inquiry_', 2),
('items_', 2),
('profile_', 2),
('specific_type_', 2);

-- --------------------------------------------------------

--
-- Table structure for table `bf_sessions`
--

CREATE TABLE IF NOT EXISTS `bf_sessions` (
  `session_id` varchar(40) NOT NULL DEFAULT '0',
  `ip_address` varchar(45) NOT NULL DEFAULT '0',
  `user_agent` varchar(120) NOT NULL,
  `last_activity` int(10) unsigned NOT NULL DEFAULT '0',
  `user_data` text NOT NULL,
  PRIMARY KEY (`session_id`)
) ENGINE=InnoDB DEFAULT CHARSET=utf8;

-- --------------------------------------------------------

--
-- Table structure for table `bf_settings`
--

CREATE TABLE IF NOT EXISTS `bf_settings` (
  `name` varchar(30) NOT NULL,
  `module` varchar(255) NOT NULL,
  `value` varchar(255) NOT NULL,
  PRIMARY KEY (`name`)
) ENGINE=InnoDB DEFAULT CHARSET=utf8;

--
-- Dumping data for table `bf_settings`
--

INSERT INTO `bf_settings` (`name`, `module`, `value`) VALUES
('auth.allow_name_change', 'core', '1'),
('auth.allow_register', 'core', '1'),
('auth.allow_remember', 'core', '1'),
('auth.do_login_redirect', 'core', '1'),
('auth.login_type', 'core', 'both'),
('auth.name_change_frequency', 'core', '1'),
('auth.name_change_limit', 'core', '1'),
('auth.password_force_mixed_case', 'core', '0'),
('auth.password_force_numbers', 'core', '0'),
('auth.password_force_symbols', 'core', '0'),
('auth.password_min_length', 'core', '8'),
('auth.password_show_labels', 'core', '1'),
('auth.remember_length', 'core', '1209600'),
('auth.user_activation_method', 'core', '1'),
('auth.use_extended_profile', 'core', '0'),
('auth.use_usernames', 'core', '0'),
('ext.country', 'core', 'US'),
('ext.state', 'core', ''),
('ext.street_name', 'core', ''),
('ext.type', 'core', 'small'),
('mailpath', 'email', '/usr/sbin/sendmail'),
('mailtype', 'email', 'text'),
('password_iterations', 'users', '8'),
('protocol', 'email', 'sendmail'),
('sender_email', 'email', 'brkrishna@gmail.com'),
('site.languages', 'core', 'a:1:{i:0;s:7:"english";}'),
('site.list_limit', 'core', '25'),
('site.offline_reason', 'core', ''),
('site.show_front_profiler', 'core', '1'),
('site.show_profiler', 'core', '1'),
('site.status', 'core', '1'),
('site.system_email', 'core', 'info@reelbank.in'),
('site.title', 'core', 'Reelbank'),
('smtp_host', 'email', ''),
('smtp_pass', 'email', 'password'),
('smtp_port', 'email', ''),
('smtp_timeout', 'email', ''),
('smtp_user', 'email', 'brkrishna@gmail.com'),
('updates.bleeding_edge', 'core', '1'),
('updates.do_check', 'core', '1');

-- --------------------------------------------------------

--
-- Table structure for table `bf_specific_type`
--

CREATE TABLE IF NOT EXISTS `bf_specific_type` (
  `id` int(11) NOT NULL AUTO_INCREMENT,
  `type` varchar(255) NOT NULL,
  `deleted` tinyint(1) NOT NULL DEFAULT '0',
  `deleted_by` bigint(20) DEFAULT NULL,
  `created_on` datetime NOT NULL DEFAULT '0000-00-00 00:00:00',
  `created_by` bigint(20) NOT NULL,
  `modified_on` datetime NOT NULL DEFAULT '0000-00-00 00:00:00',
  `modified_by` bigint(20) DEFAULT NULL,
  PRIMARY KEY (`id`)
) ENGINE=InnoDB  DEFAULT CHARSET=utf8 AUTO_INCREMENT=9 ;

--
-- Dumping data for table `bf_specific_type`
--

INSERT INTO `bf_specific_type` (`id`, `type`, `deleted`, `deleted_by`, `created_on`, `created_by`, `modified_on`, `modified_by`) VALUES
(1, 'Kraft', 0, NULL, '2016-03-15 15:47:25', 1, '0000-00-00 00:00:00', NULL),
(2, 'Kraft Gy Shade', 0, NULL, '2016-03-15 15:47:33', 1, '0000-00-00 00:00:00', NULL),
(3, 'Kraft Lg Shade', 0, NULL, '2016-03-15 15:47:41', 1, '0000-00-00 00:00:00', NULL),
(4, 'Virgin Kraft', 0, NULL, '2016-03-15 15:47:51', 1, '0000-00-00 00:00:00', NULL),
(5, 'Duplex uncoated', 0, NULL, '2016-03-15 15:47:56', 1, '2016-03-15 15:48:12', 1),
(6, 'Duplex Coated LWC', 0, NULL, '2016-03-15 15:50:36', 1, '0000-00-00 00:00:00', NULL),
(7, 'Duplex Coated HWC', 0, NULL, '2016-03-15 15:51:07', 1, '0000-00-00 00:00:00', NULL),
(8, 'Other', 0, NULL, '2016-03-15 15:51:22', 1, '0000-00-00 00:00:00', NULL);

-- --------------------------------------------------------

--
-- Table structure for table `bf_states`
--

CREATE TABLE IF NOT EXISTS `bf_states` (
  `id` int(11) NOT NULL AUTO_INCREMENT,
  `name` char(40) NOT NULL,
  `abbrev` char(2) NOT NULL,
  PRIMARY KEY (`id`)
) ENGINE=InnoDB  DEFAULT CHARSET=utf8 AUTO_INCREMENT=64 ;

--
-- Dumping data for table `bf_states`
--

INSERT INTO `bf_states` (`id`, `name`, `abbrev`) VALUES
(1, 'Alaska', 'AK'),
(2, 'Alabama', 'AL'),
(3, 'American Samoa', 'AS'),
(4, 'Arizona', 'AZ'),
(5, 'Arkansas', 'AR'),
(6, 'California', 'CA'),
(7, 'Colorado', 'CO'),
(8, 'Connecticut', 'CT'),
(9, 'Delaware', 'DE'),
(10, 'District of Columbia', 'DC'),
(11, 'Florida', 'FL'),
(12, 'Georgia', 'GA'),
(13, 'Guam', 'GU'),
(14, 'Hawaii', 'HI'),
(15, 'Idaho', 'ID'),
(16, 'Illinois', 'IL'),
(17, 'Indiana', 'IN'),
(18, 'Iowa', 'IA'),
(19, 'Kansas', 'KS'),
(20, 'Kentucky', 'KY'),
(21, 'Louisiana', 'LA'),
(22, 'Maine', 'ME'),
(23, 'Marshall Islands', 'MH'),
(24, 'Maryland', 'MD'),
(25, 'Massachusetts', 'MA'),
(26, 'Michigan', 'MI'),
(27, 'Minnesota', 'MN'),
(28, 'Mississippi', 'MS'),
(29, 'Missouri', 'MO'),
(30, 'Montana', 'MT'),
(31, 'Nebraska', 'NE'),
(32, 'Nevada', 'NV'),
(33, 'New Hampshire', 'NH'),
(34, 'New Jersey', 'NJ'),
(35, 'New Mexico', 'NM'),
(36, 'New York', 'NY'),
(37, 'North Carolina', 'NC'),
(38, 'North Dakota', 'ND'),
(39, 'Northern Mariana Islands', 'MP'),
(40, 'Ohio', 'OH'),
(41, 'Oklahoma', 'OK'),
(42, 'Oregon', 'OR'),
(43, 'Palau', 'PW'),
(44, 'Pennsylvania', 'PA'),
(45, 'Puerto Rico', 'PR'),
(46, 'Rhode Island', 'RI'),
(47, 'South Carolina', 'SC'),
(48, 'South Dakota', 'SD'),
(49, 'Tennessee', 'TN'),
(50, 'Texas', 'TX'),
(51, 'Utah', 'UT'),
(52, 'Vermont', 'VT'),
(53, 'Virgin Islands', 'VI'),
(54, 'Virginia', 'VA'),
(55, 'Washington', 'WA'),
(56, 'West Virginia', 'WV'),
(57, 'Wisconsin', 'WI'),
(58, 'Wyoming', 'WY'),
(59, 'Armed Forces Africa', 'AE'),
(60, 'Armed Forces Canada', 'AE'),
(61, 'Armed Forces Europe', 'AE'),
(62, 'Armed Forces Middle East', 'AE'),
(63, 'Armed Forces Pacific', 'AP');

-- --------------------------------------------------------

--
-- Table structure for table `bf_users`
--

CREATE TABLE IF NOT EXISTS `bf_users` (
  `id` bigint(20) unsigned NOT NULL AUTO_INCREMENT,
  `role_id` int(11) NOT NULL DEFAULT '4',
  `email` varchar(254) NOT NULL,
  `username` varchar(30) NOT NULL DEFAULT '',
  `password_hash` char(60) DEFAULT NULL,
  `reset_hash` varchar(40) DEFAULT NULL,
  `last_login` datetime NOT NULL DEFAULT '0000-00-00 00:00:00',
  `last_ip` varchar(45) NOT NULL DEFAULT '',
  `created_on` datetime NOT NULL DEFAULT '0000-00-00 00:00:00',
  `deleted` tinyint(1) NOT NULL DEFAULT '0',
  `reset_by` int(10) DEFAULT NULL,
  `banned` tinyint(1) NOT NULL DEFAULT '0',
  `ban_message` varchar(255) DEFAULT NULL,
  `display_name` varchar(255) DEFAULT '',
  `display_name_changed` date DEFAULT NULL,
  `timezone` varchar(40) NOT NULL DEFAULT 'UM6',
  `language` varchar(20) NOT NULL DEFAULT 'english',
  `active` tinyint(1) NOT NULL DEFAULT '0',
  `activate_hash` varchar(40) NOT NULL DEFAULT '',
  `force_password_reset` tinyint(1) DEFAULT '0',
  PRIMARY KEY (`id`),
  KEY `email` (`email`)
) ENGINE=InnoDB  DEFAULT CHARSET=utf8 AUTO_INCREMENT=5 ;

--
-- Dumping data for table `bf_users`
--

INSERT INTO `bf_users` (`id`, `role_id`, `email`, `username`, `password_hash`, `reset_hash`, `last_login`, `last_ip`, `created_on`, `deleted`, `reset_by`, `banned`, `ban_message`, `display_name`, `display_name_changed`, `timezone`, `language`, `active`, `activate_hash`, `force_password_reset`) VALUES
(1, 1, 'admin@mybonfire.com', 'admin', '$2a$08$bSM4W98/2pGFMvHy7ZKvw.QT3Ir6oIa1GW4TuISqc7EFvxtGWBBA2', NULL, '2016-03-16 10:14:30', '::1', '2016-03-13 21:35:37', 0, NULL, 0, NULL, 'admin', NULL, 'UM6', 'english', 1, '', 0),
(2, 2, 'brkrishna@gmail.com', 'ramky', '$2a$08$iPvL828bdlbwuYEeTtUGje9EjdZ3h/SztwvHX2XikfutilegwPase', NULL, '2016-03-16 10:15:03', '127.0.0.1', '2016-03-15 16:28:20', 0, NULL, 0, NULL, 'Ramakrishna', NULL, 'UM8', 'english', 1, '', 0),
(3, 4, 'ankitgupta@gmail.com', 'ankit', '$2a$08$6l/6/P8xtZDn0DShkojCIuc.vSzSpm9HLpZmEbAvzgJd6xa3VC1p2', NULL, '2016-03-16 10:39:41', '127.0.0.1', '2016-03-15 22:05:17', 0, NULL, 0, NULL, 'Ankit', NULL, 'UP55', 'english', 1, '', 0),
(4, 4, 'ritesh@enablar.com', 'ritesh', '$2a$08$z9FSigU8Ph81IIONkpPk3.6BBaoi5PNGPrRYVrurNB62ajtR23a72', NULL, '0000-00-00 00:00:00', '', '2016-03-15 23:12:55', 0, NULL, 0, NULL, 'Ritesh', NULL, 'UP55', 'english', 1, '', 0);

-- --------------------------------------------------------

--
-- Table structure for table `bf_user_cookies`
--

CREATE TABLE IF NOT EXISTS `bf_user_cookies` (
  `user_id` bigint(20) unsigned NOT NULL,
  `token` varchar(128) NOT NULL,
  `created_on` datetime NOT NULL,
  KEY `token` (`token`)
) ENGINE=InnoDB DEFAULT CHARSET=utf8;

-- --------------------------------------------------------

--
-- Table structure for table `bf_user_meta`
--

CREATE TABLE IF NOT EXISTS `bf_user_meta` (
  `meta_id` int(20) unsigned NOT NULL AUTO_INCREMENT,
  `user_id` bigint(20) unsigned NOT NULL DEFAULT '0',
  `meta_key` varchar(255) NOT NULL DEFAULT '',
  `meta_value` text,
  PRIMARY KEY (`meta_id`)
) ENGINE=InnoDB  DEFAULT CHARSET=utf8 AUTO_INCREMENT=7 ;

--
-- Dumping data for table `bf_user_meta`
--

INSERT INTO `bf_user_meta` (`meta_id`, `user_id`, `meta_key`, `meta_value`) VALUES
(1, 2, 'state', ''),
(2, 2, 'country', 'US'),
(3, 3, 'state', ''),
(4, 3, 'country', 'US'),
(5, 4, 'state', ''),
(6, 4, 'country', 'US');

/*!40101 SET CHARACTER_SET_CLIENT=@OLD_CHARACTER_SET_CLIENT */;
/*!40101 SET CHARACTER_SET_RESULTS=@OLD_CHARACTER_SET_RESULTS */;
/*!40101 SET COLLATION_CONNECTION=@OLD_COLLATION_CONNECTION */;
